Acery Technologies,Custom ,LM1413A,Acery Technologies,IVI-COM,IVI-2003
Acery Technologies,Custom ,LM4445Y,Acery Technologies,IVI-COM,IVI-2003
Advantest,IviDmm ,"R6552, R6552T, R6552T-R",National Instruments,IVI-C,IVI-2003
Aeroflex,Custom ,"2030, 2031, 2032, 2040, 2041, 2042, 2050/T, 2051/T, 2052/T",National Instruments,IVI-C,IVI-2003
American Reliance,IviDCPwr ,"PPS8-10, PPS18-4, PPS30-2.5, PPS35-2, PPS60-10, PPS128-0.5, PPS250-0.2, PPS5-30, PPS35-3R, PPS60-1.5R, PPS8-6D, PPS18-4D, PPS35-2D, PPS30-3D, PPS60-1D, PPS128-0.5D, PPS30-6, PPS35-5, PPS8-20, PPS18-10, PPS60-3, PPS128-1.5, PPS250-0.8",National Instruments,IVI-C,IVI-2003
Ametek Programmable Power,Custom ,751i 751iX 1501i 1501iX 2251i 2251iX 1123iX 2253iX 2250iX,Ametek Programmable Power,IVI-C,IVI-2003
Ametek Programmable Power,Custom ,"3000Cs, 4500Cs, 6000Cs, 9000Cs, 12000Cs, 13500Cs, 18000Cs.",Ametek Programmable Power,IVI-C,IVI-2003
Ametek Programmable Power,Custom ,"3091LD, 6091LD, 9091LD, 12091LD, 9093LD, 18093LD.",Ametek Programmable Power,IVI-C,IVI-2003
Ametek Programmable Power,IviACPwr ,"751i,751iX,1501i,1501iX,2253i, 2253iX,3001iXC,3001iX,5001iX,6000iX 6002iX,9001iX,9003iX,10001iX,10002iX 15001iX,15003iX,20002iX,30003iX,3001i,5001i,6000i,6002i,9001i,9003i,10001i,10002i,15001i,15003i,20002i,30003i,MX15-1,MX15-1Pi,MX30-1,MX45-1,MX30-3,MX45-3,MX90-3,MX60-3,MX135-3,MX30-3Pi,MX45-3Pi,MX90-3Pi,MX60-3Pi,MX135-3Pi,MX180-3Pi,MX225-3Pi,MX270-3Pi,RS90-3Pi,RS180-3Pi,RS270-3Pi,RS360-3Pi,RS450-3Pi,RS540-3Pi,3000Lx,4500Lx,6000Lx,9000Lx,12000Lx,13500Lx,18000Lx,3000Ls,4500Ls,6000Ls,9000Ls,12000Ls,13500Ls,18000Ls,FCS18,FCS36,FCS54,CSW5550,CSW11100,CSW16650,CSW22200,CSW27750,CSW33300,CSW38850,CSW44400.",Ametek Programmable Power,IVI-COM/IVI-C,IVI-2003
Ametek Programmable Power,IviACPwr ,AST-A501 AST-A751 AST-A1501 AST-A2001 AST-A3001 AST-A753 AST-A1503 AST-A2003 AST-A2503 AST-A3003 AST-A18003 AST-A27003 AST-A501L AST-A751L AST-A1501L AST-A2001L AST-A3001L AST-A753L AST-A1503L AST-A2003L AST-A2503L AST-A3003L AST-A18003L AST-A27003L 2253iX 751i 751iX 1501i 1501iX 2253i 3001iXC 5001iX 3001iX 6000iX 6002iX 9001iX 9003iX 10001iX 10002iX 15001iX 15003iX 20002iX 30003iX 3001i 5001i 6000i 6002i 9001i 9003i 10001i 10002i 15001i 15003i 20002i 30003i MX15-1 MX15-1Pi MX30-1 MX45-1 MX30-3 MX45-3 MX90-3 MX60-3 MX135-3 MX30-3Pi MX45-3Pi MX60-3Pi MX90-3Pi MX135-3Pi MX180-3Pi MX225-3Pi MX270-3Pi RS90-3Pi RS180-3Pi RS270-3Pi RS360-3Pi RS450-3Pi RS540-3Pi 3000Lx 4500Lx 6000Lx 9000Lx 12000Lx 13500Lx 18000Lx 3000Ls 4500Ls 6000Ls 9000Ls 12000Ls 13500Ls 18000Ls FCS18 FCS36 FCS54 CSW11100 CSW16650 CSW22200 CSW27750 CSW33300 CSW5550 CSW38850 CSW44400,Ametek Programmable Power,IVI-COM/IVI-C,IVI-2014
Ametek Programmable Power,IviDCPwr ,"DCS10-100,DCS8-125,DCS20-50,DCS33-33,DCS40-25,DCS50-20,DCS60-18,DCS80-13,DCS100-10,DCS150-7,DCS300-3.5,DCS600-1.7,DCS8-140,DCS10-120,DCS20-60,DCS33-36,DCS40-30,DCS50-24,DCS60-20,DCS80-15,DCS100-12,DCS150-8,DCS300-4,DCS8-350,DCS12-250,DCS20-150,DCS40-75,DCS55-55,DCS60-50,DCS80-37,DCS150-20,DLM5-75,DLM8-75,DLM10-60,DLM20-30,DLM40-15,DLM60-10,DLM80-7.5,DLM150-4,DLM300-2,DLM5-350,DLM8-350,DLM16-185,DLM32-95,DLM40-75,DLM60-50,DLM80-37,DLM150-20,DLM300-10,DLM600-5,SGX100/100,SGX100/150,SGX100/200,SGX100/300,SGX100/50,SGX100/50,SGX160/125,SGX160/31,SGX160/31,SGX160/94,SGX200/100,SGX200/150,SGX200/25,SGX200/50,SGX200/75,SGX250/20,SGX250/40,SGX250/60,SGX250/80,SGX330/30,SGX330/45,SGX330/61,SGX330/91,SGX40/125,SGX40/250,SGX40/375,SGX400/12,SGX400/12,SGX400/25,SGX400/38,SGX400/63,SGX60/167,SGX60/250,SGX60/333,SGX60/417,SGX60/500,SGX60/83,SGX600/17,SGX600/25,SGX600/33,SGX600/42,SGX600/50,SGX600/8,SGX80/125,SGX80/188,SGX80/250,SGX80/375,SGX80/63,SGX1K0/10,SGX1K0/15,SGX1K0/5,SGX10/1K,SGA100/100,SGA100/150,SGA100/200,SGA100/300,SGA100/50,SGA100/50,SGA160/125,SGA160/31,SGA160/31,SGA160/94,SGA200/100,SGA200/150,SGA200/25,SGA200/50,SGA200/75,SGA250/20,SGA250/40,SGA250/60,SGA250/80,SGA330/30,SGA330/45,SGA330/61,SGA330/91,SGA40/125,SGA40/250,SGA40/375,SGA400/12,SGA400/12,SGA400/25,SGA400/38,SGA400/63,SGA60/167,SGA60/250,SGA60/333,SGA60/417,SGA60/500,SGA60/83,SGA600/17,SGA600/25,SGA600/33,SGA600/42,SGA600/50,SGA600/8,SGA80/125,SGA80/188,SGA80/250,SGA80/375,SGA80/63,SGA1K0/10,SGA1K0/15,SGA1K0/5,SGA10/1K,SGI100/100,SGI100/150,SGI100/200,SGI100/300,SGI100/50,SGI100/50,SGI160/125,SGI160/31,SGI160/31,SGI160/94,SGI200/100,SGI200/150,SGI200/25,SGI200/50,SGI200/75,SGI250/20,SGI250/40,SGI250/60,SGI250/80,SGI330/30,SGI330/45,SGI330/61,SGI330/91,SGI40/125,SGI40/250,SGI40/375,SGI400/12,SGI400/12,SGI400/25,SGI400/38,SGI400/63,SGI60/167,SGI60/250,SGI60/333,SGI60/417,SGI60/500,SGI60/83,SGI600/17,SGI600/25,SGI600/33,SGI600/42,SGI600/50,SGI600/8,SGI80/125,SGI80/188,SGI80/250,SGI80/375,SGI80/63,SGI1K0/10,SGI1K0/15,SGI1K0/5,SGI10/1K2,SGE100/100,SGE100/150,SGE100/200,SGE100/300,SGE100/50,SGE100/50,SGE160/125,SGE160/31,SGE160/31,SGE160/94,SGE200/100,SGE200/150,SGE200/25,SGE200/50,SGE200/75,SGE250/20,SGE250/40,SGE250/60,SGE250/80,SGE330/30,SGE330/45,SGE330/61,SGE330/91,SGE40/125,SGE40/250,SGE40/375,SGE400/12,SGE400/12,SGE400/25,SGE400/38,SGE400/63,SGE60/167,SGE60/250,SGE60/333,SGE60/417,SGE60/500,SGE60/83,SGE600/17,SGE600/25,SGE600/33,SGE600/42,SGE600/50,SGE600/8,SGE80/125,SGE80/188,SGE80/250,SGE80/375,SGE80/63,SGE1K0/10,SGE1K0/15,SGE1K0/5,SGE10/1K,AST40-42,AST60-28,AST40-85,AST60-56,AST40-125,AST60-83, AST60-42, AST40-85, AST60-56, AST40-125, AST60-85, AST60-125",Ametek Programmable Power,IVI-COM/IVI-C,IVI-2014
Ametek Programmable Power,IviDCPwr ,"ASM40-42,ASM60-28,ASM80-21,ASM100-17,ASM150-12,ASM200-9,ASM300-6,ASM400-4.3,ASA60-42,ASA80-22,ASA200-17,ASA400-6",Ametek Programmable Power,IVI-COM/IVI-C,IVI-2014
Ametek Programmable Power,IviDCPwr ,XG/XTR 6-110.0 XG/XTR 8-100.0 XG/XTR 12-70.0 XG/XTR 20-42.0 XG/XTR 33-25.0 XG/XTR 40-21.0 XG/XTR 60-14.0 XG/XTR 80-10.5 XG/XTR 100-8.5 XG/XTR 150-5.6 XG/XTR 300-2.8 XG/XTR 600-1.4 XG 6-220.0 XG 8-200.0 XG 12-140.0 XG 20-84.0 XG 33-50.0 XG 40-42.0 XG 60-28.0 XG 80-21.0 XG 100-17.0 XG 150-11.2 XG 300-5.6 XG 600-2.8,Ametek Programmable Power,IVI-C,IVI-2003
Ametek Programmable Power,IviDCPwr ,"Sorensen XEL Series - XEL15-5P, XEL30-3P, XEL60-1.5P, XEL30-3DP, XEL120-0.75P, XEL250-0.37P",TTi Ltd,IVI-C,IVI-2003
Anritsu,IviPwrMeter ,MA24106A,National Instruments,IVI-C,IVI-2003
Anritsu,IviPwrMeter ,"ML2487A, ML2487B, ML2488A, ML2488B, ML2495A, ML2496A",National Instruments,IVI-C,IVI-2003
ASCOR,IviSwtch ,"7010, 7012, 7013, 7014, 7015, 7022",National Instruments,IVI-C,IVI-2003
Associated Power Technologies,Custom ,"430XAC, 460XAC",Associated Power Technologies,IVI-COM/IVI-C,IVI-2003
"Associated Research, Inc.",Custom ,"8204, 8254, 8206, 8256, 8207, 8257","Associated Research, Inc.",IVI-COM/IVI-C,IVI-2003
Beijing Aerospace Measurement&Control Corp.,IviDmm ,AMC9304,Beijing Aerospace Measurement&Control Corp.,IVI-C,IVI-2003
Beijing Aerospace Measurement&Control Corp.,IviFgen ,AMC9403,Beijing Aerospace Measurement&Control Corp.,IVI-C,IVI-2003
Beijing Aerospace Measurement&Control Corp.,IviRFSigGen ,AMC9402,Beijing Aerospace Measurement&Control Corp.,IVI-C,IVI-2003
Beijing Aerospace Measurement&Control Corp.,IviScope ,AMC9305,Beijing Aerospace Measurement&Control Corp.,IVI-C,IVI-2003
Beijing Aerospace Measurement&Control Corp.,IviSpecAn ,AMC9801,Beijing Aerospace Measurement&Control Corp.,IVI-C,IVI-2003
Beijing Aerospace Measurement&Control Corp.,IviSwtch ,AMC9600,Beijing Aerospace Measurement&Control Corp.,IVI-C,IVI-2003
BK Precision,IviDCPwr ,"9140, 9141, 9140-GPIB, 9141-GPIB",BK Precision,IVI-C,IVI-2014
BK Precision,IviDCPwr ,"MR100020, MR50040, MR25080, MR160120, MR3K160120",BK Precision,IVI-C,IVI-2014
BK Precision,IviDCPwr ,"9140, 9140-GPIB, 9141, 9141-GPIB, 9240, 9240-GPIB, 9241, 9241-GPIB, 9242, 9242-GPIB",BK Precision,IVI-C,IVI-2014
Bustec Production Ltd.,Custom ,ProDAQ 6100 LXI Function Card Carrier,Bustec Production Ltd.,IVI-C,IVI-2003
"C&H Technologies, Inc.",Custom ,EM405-8,"C&H Technologies, Inc.",IVI-C,IVI-2003
"C&H Technologies, Inc.",Custom ,"EM405-8x106, EM405-8x107","C&H Technologies, Inc.",IVI-C,IVI-2003
"C&H Technologies, Inc.",IviSwtch,VX412C,National Instruments,IVI-C,IVI-2003
"C&H Technologies, Inc.",IviSwtch,VX414C,National Instruments,IVI-C,IVI-2003
"C&H Technologies, Inc.",IviSwtch,VX415C,National Instruments,IVI-C,IVI-2003
"C&H Technologies, Inc.",IviSwtch,VX416C,National Instruments,IVI-C,IVI-2003
California Instruments,Custom,"3000iL, 4500iL, 4801iL",National Instruments,IVI-C,IVI-2003
Chroma ATE,Custom ,"62006P-100-25, 62012P-80-60, 62012P-100-50, 62012P-600-8, 62006P-30-80, 62006P-300-8, 62012P-40-120, 62024P-40-120, 62024P-80-60, 62024P-100-50, 62024P-600-8, 62050P-100-100",Chroma ATE,IVI-C,IVI-2003
Chroma ATE,Custom ,"62050H-40, 62050H-450, 62050H-600, 62075H-30, 62100H-40, 62100H-450, 62100H-600, 62100H-30, 62150H-40, 62150H-450, 62150H-600",Chroma ATE,IVI-C,IVI-2003
Chroma ATE,Custom ,63205A-150-500,Chroma ATE,IVI-C,IVI-2014
Chroma ATE,Custom ,"61601, 61602, 61603, 61604, 61605, 61501, 61502, 61503, 61504, 61505",National Instruments,IVI-C,IVI-2003
Chroma ATE,Custom,"61701, 61702, 61703, 61704, 61705",National Instruments,IVI-C,IVI-2003
Chroma ATE,Custom ,"63201, 63202, 63203, 63204, 63205, 63206, 63207,63208, 63209, 63210",National Instruments,IVI-C,IVI-2003
Chroma ATE,Custom,"6345, 6346",National Instruments,IVI-C,IVI-2003
CHYNG HONG ELECTRONIC CO,IviDCPwr ,"DSP-WR series, DSP-WA series, DSP-WE series",CHYNG HONG ELECTRONIC CO,IVI-C,IVI-2014
CHYNG HONG ELECTRONIC CO,IviDCPwr ,"DSP-HD Series, DSP-HR Series",CHYNG HONG ELECTRONIC CO,IVI-C,IVI-2003
CHYNG HONG ELECTRONIC CO,IviSwtch ,"PDU6, PDU10",CHYNG HONG ELECTRONIC CO,IVI-C,IVI-2014
"Data Translation, Inc",Custom ,"DT8872, DT9872, DT8871, DT9871, DT887x, DT987x, DT8873, DT9873","Data Translation, Inc",IVI-COM,IVI-2003
"Data Translation, Inc",Custom ,DT8837,"Data Translation, Inc",IVI-COM,IVI-2003
"Data Translation, Inc",Custom ,DT8824,"Data Translation, Inc",IVI-COM,IVI-2003
Dow Key Microwave Corporation,IviSwtch ,"DK-LXI, DK-PXI",Dow Key Microwave Corporation,IVI-C,IVI-2003
Elgar Electronics Corp,Custom ,RFP DC LOAD,Elgar Electronics Corp,IVI-COM/IVI-C,IVI-2003
Elgar Electronics Corp,Custom ,RFP AC Power,Elgar Electronics Corp,IVI-COM/IVI-C,IVI-2003
Elgar Electronics Corp,IviDCPwr ,RFP DC Power,Elgar Electronics Corp,IVI-COM/IVI-C,IVI-2003
Elgar Electronics Corp,IviDCPwr ,All Sorensen DLM and DCS power supplies,Sorensen,IVI-COM,IVI-2003
Elsys,IviScope ,TraNET-FE TraNET-EPC/TPCX,Elsys,IVI-COM,IVI-2003
Fluke,Custom ,9500B,National Instruments,IVI-C,IVI-2003
Fluke,IviCounter ,"PM6685, PM6685R",National Instruments,IVI-C,IVI-2003
Fluke,IviDmm ,8808A,National Instruments,IVI-C,IVI-2003
Fluke,IviDmm ,"8845A, 8846A",National Instruments,IVI-C,IVI-2014
Fluke,IviDmm,8840A,National Instruments,IVI-C,IVI-2003
Fluke,IviDmm ,45,National Instruments,IVI-C,IVI-2014
Fluke,IviFgen,6061A,National Instruments,IVI-C,IVI-2003
Fluke,IviFgen ,"281,282,284",National Instruments,IVI-C,IVI-2003
Fluke,IviFgen ,271,National Instruments,IVI-C,IVI-2003
Fluke/Philips,IviDmm,PM 2534,National Instruments,IVI-C,IVI-2003
Giga-tronics,Custom ,"SCPM, SCPMII",Giga-tronics,IVI-COM/IVI-C,IVI-2003
Giga-tronics,IviRFSigGen ,"GT2XXX,GT25XXX",Giga-tronics,IVI-C,IVI-2003
Goepel Electronic,Custom ,SFX/LXI 1149,Goepel Electronic,IVI-C,IVI-2003
"Good Will Instrument Co., Ltd.",IviSpecAn ,GSP930,"Good Will Instrument Co., Ltd.",IVI-C,IVI-2003
"Good Will Instrument Co., Ltd.",IviSpecAn ,"GSP930A,GSP9300,GSP9330,GSP9300B","Good Will Instrument Co., Ltd.",IVI-C,IVI-2003
Informtest Holding,Custom ,"MezaBOX LXI/USB, MBASE VXI",Informtest Holding,IVI-C,IVI-2003
JDSU,Custom ,MAP-200 CMR,JDSU,IVI-COM/IVI-C,IVI-2003
JDSU,Custom ,"MAP-200 EDFA, MAP-200 BBS",JDSU,IVI-COM/IVI-C,IVI-2003
JDSU,Custom ,"MAP-200 SW, MAP-200 SKB",JDSU,IVI-COM/IVI-C,IVI-2003
JDSU,IviPwrMeter ,MAP-200 OPM,JDSU,IVI-COM/IVI-C,IVI-2003
Keithley Instruments,Custom ,3706 3706-S 3706-NFP 3706-SNFP 3706A 3706A-S 3706A-NFP 3706A-SNFP,Keithley Instruments,IVI-COM/IVI-C,IVI-2003
Keithley Instruments,Custom ,2450 2460 2461 2470 2450-NFP 2460-NFP 2461-NFP 2450-RACK 2460-RACK 2461-RACK 2450-NFP-RACK 2460-NFP-RACK 2461-NFP-RACK,Keithley Instruments,IVI-COM/IVI-C,IVI-2014
Keithley Instruments,Custom ,2601A 2602A 2611A 2612A 2635A 2636A 2651A 2657A 2601B 2601B-PULSE 2602B 2606B 2611B 2612B 2635B 2636B 2604B 2614B 2634B,Keithley Instruments,IVI-COM,IVI-2014
Keithley Instruments,IviDCPwr ,Model 2280S-32-6 Model 2280S-60-3,Keithley Instruments,IVI-COM/IVI-C,IVI-2003
Keithley Instruments,IviDCPwr,"2302, 2306",National Instruments,IVI-C,IVI-2003
Keithley Instruments,IviDCPwr,"2303, 2303B, 2303PJ, 2304A",National Instruments,IVI-C,IVI-2003
Keithley Instruments,IviDmm ,3706 3706-S 3706-NFP 3706-SNFP 3706A 3706A-S 3706A-NFP 3706A-SNFP,Keithley Instruments,IVI-COM/IVI-C,IVI-2003
Keithley Instruments,IviDmm ,"2015, 2015P, 2016, 2016P, 2000",Keithley Instruments,IVI-COM/IVI-C,IVI-2003
Keithley Instruments,IviDmm ,DMM7510 DMM7512,Keithley Instruments,IVI-COM/IVI-C,IVI-2014
Keithley Instruments,IviDmm ,"DMM6500, DAQ6510",Keithley Instruments,IVI-COM/IVI-C,IVI-2014
Keithley Instruments,IviDmm,2000,National Instruments,IVI-C,IVI-2003
Keithley Instruments,IviFgen ,3390,Keithley Instruments,IVI-COM/IVI-C,IVI-2003
Keithley Instruments,IviRFSigGen ,"29,102,920",Keithley Instruments,IVI-COM/IVI-C,IVI-2003
Keithley Instruments,IviSpecAn ,"28,102,820",Keithley Instruments,IVI-COM,IVI-2003
Keithley Instruments,IviSwtch ,3706 3706-S 3706-NFP 3706-SNFP 3706A 3706A-S 3706A-NFP 3706A-SNFP,Keithley Instruments,IVI-COM/IVI-C,IVI-2003
Keithley Instruments,IviSwtch ,"707B, 708B",Keithley Instruments,IVI-COM/IVI-C,IVI-2003
Kepco,IviDCPwr ,"KLP. BOP, ABC, BHK",Kepco,IVI-COM/IVI-C,IVI-2003
Kepco,IviDCPwr ,"BOP20_5M, BOP50_2M, BOP100_1M, BOP20_10M, BOP36_6M, BOP50_4M, BOP72_3M, BOP100_2M, BOP200_1M, BOP20_20M, BOP36_12M, BOP50_8M, BOP72_6M, BOP100_4M",National Instruments,IVI-C,IVI-2003
Keysight Technologies,Custom ,"E5070B, E5071B, E5071C, E5072A, E5061A, E5062A, E5061B, E8361A, E8362B, E8363B, E8364B, E8361C, E8362C, E8363C, E8364C, N5230A, N5230C, N5241A, N5242A, N5244A, N5245A, N5264A, N5247A, N5221A, N5222A, N5224A, N5225A, N5227A, N5239A, N5231A, N5232A, N5234A, N5235A, E5063A",Keysight Technologies,IVI-COM/IVI-C,IVI-2014
Keysight Technologies,Custom ,"11713B, 11713C",Keysight Technologies,IVI-COM/IVI-C,IVI-2014
Keysight Technologies,Custom ,"34970A, 34972A",Keysight Technologies,IVI-COM/IVI-C,IVI-2014
Keysight Technologies,Custom ,"J7211A, J7211B, J7211C, J7212A, J7212B, J7212C",Keysight Technologies,IVI-COM/IVI-C,IVI-2014
Keysight Technologies,Custom ,E5818A,Keysight Technologies,IVI-COM/IVI-C,IVI-2003
Keysight Technologies,Custom ,"U2331A, U2351A, U2352A, U2353A, U2354A, U2355A, U2356A, U2802A",Keysight Technologies,IVI-COM/IVI-C,IVI-2003
Keysight Technologies,Custom ,"U2541A, U2542A, U2531A",Keysight Technologies,IVI-COM/IVI-C,IVI-2003
Keysight Technologies,Custom ,"U2651A, U2652A, U2653A",Keysight Technologies,IVI-COM/IVI-C,IVI-2003
Keysight Technologies,Custom ,E4981A,Keysight Technologies,IVI-COM/IVI-C,IVI-2003
Keysight Technologies,Custom ,"N7744A, N7745A",Keysight Technologies,IVI-COM/IVI-C,IVI-2014
Keysight Technologies,Custom ,"U2121A, U2122A, U2123A",Keysight Technologies,IVI-COM/IVI-C,IVI-2003
Keysight Technologies,Custom ,"N5105A, N5106A",Keysight Technologies,IVI-COM/IVI-C,IVI-2003
Keysight Technologies,Custom ,V2820A,Keysight Technologies,IVI-COM,IVI-2003
Keysight Technologies,Custom ,V2920A,Keysight Technologies,IVI-COM/IVI-C,IVI-2003
Keysight Technologies,Custom ,M9186A,Keysight Technologies,IVI-COM/IVI-C,IVI-2003
Keysight Technologies,Custom ,"M9392A, M9202A, M9302A, M9351A, M9360A, M9361A",Keysight Technologies,IVI-COM/IVI-C,IVI-2003
Keysight Technologies,Custom ,N4010A,Keysight Technologies,IVI-COM/IVI-C,IVI-2014
Keysight Technologies,Custom ,M9185A,Keysight Technologies,IVI-COM/IVI-C,IVI-2003
Keysight Technologies,Custom ,"E6607A, E6607B",Keysight Technologies,IVI-COM/IVI-C,IVI-2003
Keysight Technologies,Custom ,M9018A,Keysight Technologies,IVI-COM/IVI-C,IVI-2014
Keysight Technologies,Custom ,M9216A,Keysight Technologies,IVI-COM/IVI-C,IVI-2003
Keysight Technologies,Custom ,M9187A,Keysight Technologies,IVI-COM/IVI-C,IVI-2003
Keysight Technologies,Custom ,"M9502A, M9505A",Keysight Technologies,IVI-COM/IVI-C,IVI-2014
Keysight Technologies,Custom ,E4980A,Keysight Technologies,IVI-COM/IVI-C,IVI-2014
Keysight Technologies,Custom ,"U8903A, U8903B",Keysight Technologies,IVI-COM/IVI-C,IVI-2003
Keysight Technologies,Custom ,33502A,Keysight Technologies,IVI-COM/IVI-C,IVI-2003
Keysight Technologies,Custom ,U2751A,Keysight Technologies,IVI-COM/IVI-C,IVI-2003
Keysight Technologies,Custom ,"L4532A, L4534A",Keysight Technologies,IVI-COM/IVI-C,IVI-2014
Keysight Technologies,Custom ,"N4901A, N4901B, N4902A, N4902B, N4903A, N4903B, N4906B",Keysight Technologies,IVI-COM,IVI-2003
Keysight Technologies,Custom ,N8221A,Keysight Technologies,IVI-COM,IVI-2003
Keysight Technologies,Custom ,"81133A, 81134A",Keysight Technologies,IVI-COM,IVI-2003
Keysight Technologies,Custom ,"E5052A, E5052B",Keysight Technologies,IVI-COM/IVI-C,IVI-2003
Keysight Technologies,Custom ,"N9000A, N9010A, N9020A, N9030A, N9040B, N9041B, N9000B, N9020B, N9030B, N9010B, M8920A, M90XAM9383A",Keysight Technologies,IVI-COM/IVI-C,IVI-2014
Keysight Technologies,Custom ,M9037A,Keysight Technologies,IVI-COM/IVI-C,IVI-2014
Keysight Technologies,Custom ,"M9485A, N5241A, N5242A, N5244A/B, N5245A/B, N5264A/B, N5247A/B, N5221A/B, N5222A/B, N5224A/B, N5225A/B, N5227A/B, N5239A/B, N5231A, N5232A,N5234A, N5235A/B, N5249A/B,M9370A, M9371A, M9372A, M9374A, M9375A, P9370A, P9371A, P9372A,P9373A, P9374A, P9375A,E5080A,E5080B, P5000A, P5001A, P5002A, P5003A, P5004A, P5005A, P5006A, P5007A, P5008A, P5020A,P5021A, P5022A,P5023A,P5024A,P5025A,P5026A,P5027A,P5028A, M9800A,M9801A, M9802A, M9803A, M9804A,M9805A, M9806A, M9807A, M9808A",Keysight Technologies,IVI-COM/IVI-C,IVI-2014
Keysight Technologies,Custom ,DAQ970A,Keysight Technologies,IVI.NET,IVI-2014
Keysight Technologies,Custom ,"N5231B, N5232B, N5234B, N5235B, N5239B, N5221B, N5222B, N5224B, N5225B, N5227B, N5241B, N5242B, N5244B, N5245B, N5247B, N5249B, N5264B",Keysight Technologies,IVI-COM/IVI-C,IVI-2014
Keysight Technologies,Custom ,"CX3322A, CX3324A",Keysight Technologies,IVI-C,IVI-2014
Keysight Technologies,Custom ,"6811C, 6812C, 6813C",Keysight Technologies,IVI.NET,IVI-2014
Keysight Technologies,Custom ,M8070A,Keysight Technologies,IVI.NET,IVI-2014
Keysight Technologies,Custom ,M8070A,Keysight Technologies,IVI-C,IVI-2014
Keysight Technologies,Custom ,"M9214A, M9300A, M9301A, M9350A, M9391A",Keysight Technologies,IVI-COM/IVI-C,IVI-2014
Keysight Technologies,Custom ,"N9000A, N9010A, N9020A, N9030A, M9420A, M9421A, M9290A, N9040B, N9041B, N9000B, N9010B, N9020B, N9030B",Keysight Technologies,IVI-COM/IVI-C,IVI-2014
Keysight Technologies,Custom ,M9393A,Keysight Technologies,IVI-COM/IVI-C,IVI-2014
Keysight Technologies,Custom ,"J7211A, J7211B, J7211C, J7201A, J7201B, J7201C",Keysight Technologies,IVI-COM/IVI-C,IVI-2014
Keysight Technologies,Custom ,"DAQ970A, DAQ973A, 34970A, 34972A",Keysight Technologies,IVI.NET,IVI-2014
Keysight Technologies,Custom ,"M9601A,M9602A,M9603A,M9614A,M9615A",Keysight Technologies,IVI.NET,IVI-2014
Keysight Technologies,Custom ,"M9601A,M9602A,M9603A,M9614A,M9615A",Keysight Technologies,IVI-C,IVI-2014
Keysight Technologies,Custom ,"11713B, 11713C, 11713D 11713E",Keysight Technologies,IVI-COM/IVI-C,IVI-2014
Keysight Technologies,Custom ,"N7744C, N7745C, N7742C, N7743C, N7747C, N7748C, N7749C",Keysight Technologies,IVI.NET,IVI-2014
Keysight Technologies,Custom ,"EL34243A, EL34143A, EL33133A",Keysight Technologies,IVI.NET,IVI-2014
Keysight Technologies,Custom ,"EL34243A, EL34143A",Keysight Technologies,IVI.NET,IVI-2014
Keysight Technologies,Custom ,"E5080A, E5080B, N5221B, N5222B, N5224B, N5225B, N5227B, N5231B, N5232B, N5234B, N5235B, N5239B, N5241B, N5242B, N5244B, N5245B, N5247B, N5264B, M9485A, M9309A, M9310A, M9340A, M9376A, M937X, M9300A, M9377A, M9370A, M9371A, M9372A, M9373A, M9374A, M9375A, M980X, M9800A, M9801A, M9802A, M9803A, M9804A, M9805A, M9806A, M9807A, M9808A, P5000A, P5001A, P5002A, P5003A, P5004A, P5005A, P5006A, P5007A, P5008A, P5000B, P5001B, P5002B, P5003B, P5004B, P5005B, P5006B, P5007B, P5008B, P5020A, P5021A, P5022A, P5023A, P5024A, P5025A, P5026A, P5027A, P5028A, P5020B, P5021B, P5022B, P5023B, P5024B, P5025B, P5026B, P5027B, P5028B, P9370A, P9371A, P9372A, P9373A, P9374A, P9375A, P9370B, P9371B, P9372B, P9373B, P9374B, P9375B, P9377B, P9382B, P9384B.",Keysight Technologies,IVI.NET,IVI-2014
Keysight Technologies,Custom ,"PZ2110A, PZ2120A, PZ2121A, PZ2130A, PZ2131A",Keysight Technologies,IVI.NET,IVI-2014
Keysight Technologies,Custom ,"PZ2110A, PZ2120A, PZ2121A, PZ2130A, PZ2131A",Keysight Technologies,IVI-C,IVI-2014
Keysight Technologies,Custom ,"M9214A, M9300A, M9308A, M9365A",Keysight Technologies,IVI-COM/IVI-C,IVI-2014
Keysight Technologies,Custom ,M8070,Keysight Technologies,IVI-COM/IVI-C,IVI-2014
Keysight Technologies,Custom ,M9195A,Keysight Technologies,IVI-COM/IVI-C,IVI-2014
Keysight Technologies,Custom ,"E5052A, E5052B, E5053A",Keysight Technologies,IVI-COM/IVI-C,IVI-2014
Keysight Technologies,Custom ,"M9391A, M9214A, M9300A, M9301A, M9350A",Keysight Technologies,IVI-COM/IVI-C,IVI-2014
Keysight Technologies,Custom ,"N9000A, N9010A, N9020A, N9030A ,M9290A, N9040B, N9038A",Keysight Technologies,IVI-COM/IVI-C,IVI-2014
Keysight Technologies,Custom ,"N9000A, N9010A, N9020A, N9030A, N9038A, N9040B, M9290A",Keysight Technologies,IVI-COM/IVI-C,IVI-2014
Keysight Technologies,Custom ,"M9214A, M9300A, M9308A, M9365A",Keysight Technologies,IVI-COM/IVI-C,IVI-2014
Keysight Technologies,Custom ,"M9380A, M9381A, M9301A, M9310A, M9311A, M9300A",Keysight Technologies,IVI-COM/IVI-C,IVI-2014
Keysight Technologies,Custom ,"E4990A, E4991B",Keysight Technologies,IVI-COM/IVI-C,IVI-2003
Keysight Technologies,Custom ,"N9000A, N9010A, N9020A, N9030A, M9290A",Keysight Technologies,IVI-COM/IVI-C,IVI-2003
Keysight Technologies,Custom ,"M9403A, M9404A, M9405A, M9406A, M9407A, M9408A",Keysight Technologies,IVI-COM/IVI-C,IVI-2003
Keysight Technologies,Custom ,E4990A,Keysight Technologies,IVI-COM/IVI-C,IVI-2003
Keysight Technologies,Custom ,"B2981A, B2983A, B2985A, B2987A",Keysight Technologies,IVI-COM/IVI-C,IVI-2003
Keysight Technologies,Custom ,"N9000A, N9010A, N9020A, N9030A, M9290A",Keysight Technologies,IVI-COM/IVI-C,IVI-2003
Keysight Technologies,Custom ,"N9000A, N9010A, N9020A, N9030A, N9040B, M9290A",Keysight Technologies,IVI-COM/IVI-C,IVI-2003
Keysight Technologies,Custom ,M8192A,Keysight Technologies,IVI-COM/IVI-C,IVI-2014
Keysight Technologies,Custom ,M9111A,Keysight Technologies,IVI-COM/IVI-C,IVI-2014
Keysight Technologies,Custom ,"PA2201A, PA2203A",Keysight Technologies,IVI.NET,IVI-2014
Keysight Technologies,Custom ,"PA2201A, PA2203A",Keysight Technologies,IVI-C,IVI-2014
Keysight Technologies,Custom ,"CX3322A, CX3324A",Keysight Technologies,IVI.NET,IVI-2014
Keysight Technologies,Custom ,"CX3322A, CX3324A",Keysight Technologies,IVI-C,IVI-2014
Keysight Technologies,Custom ,"M9018A, M9019A",Keysight Technologies,IVI.NET,IVI-2014
Keysight Technologies,Custom ,"M9018A, M9019A",Keysight Technologies,IVI-C,IVI-2014
Keysight Technologies,Custom ,"E5080A,E5070B,E5071B,E5071C,E5072A,E5061A,E5062A,E5061B,E8361A,E8362B,E8363B,E8364B,E8361C,E8362C,E8363C,E8364C,N5230A,N5230C,N5241A,N5242A,N5244A,N5245A,N5264A,N5247A,N5221A,N5222A,N5224A,N5225A,N5227A,N5239A,N5231A,N5232A,N5234A,N5235A,E5063A,N5249A",Keysight Technologies,IVI-COM/IVI-C,IVI-2014
Keysight Technologies,Custom ,M9195A,Keysight Technologies,IVI-COM/IVI-C,IVI-2014
Keysight Technologies,Custom ,"M9393A, M9214A, M9300A, M9308A, M9365A",Keysight Technologies,IVI-COM/IVI-C,IVI-2014
Keysight Technologies,Custom ,N9000A N9010A N9020A N9030A M9290A N9040B N9038A M9420A N9000B N9010B N9020B N9030B SPN9003A SPN9026A N8973B N8974B N8975B N8976B,Keysight Technologies,IVI-COM/IVI-C,IVI-2014
Keysight Technologies,Custom ,N9000A N9010A N9020A N9030A M9290A N9040B N9038A N9000B N9010B N9020B N9030B SPN9003A SPN9026A N8973B N8974B N8975B N8976B,Keysight Technologies,IVI-COM/IVI-C,IVI-2014
Keysight Technologies,Custom ,E6621A,Keysight Technologies,IVI-COM/IVI-C,IVI-2003
Keysight Technologies,Custom ,M9036A,Keysight Technologies,IVI-COM/IVI-C,IVI-2003
Keysight Technologies,Custom ,U5303A,Keysight Technologies,IVI-COM/IVI-C,IVI-2003
Keysight Technologies,Custom ,"N9000A, N9010A, N9020A, N9030A",Keysight Technologies,IVI-COM/IVI-C,IVI-2014
Keysight Technologies,Custom ,"N9000A, N9010A, N9020A, N9030A",Keysight Technologies,IVI-COM/IVI-C,IVI-2003
Keysight Technologies,Custom ,"N9000A, N9010A, N9020A, N9030A, M9290A",Keysight Technologies,IVI-COM/IVI-C,IVI-2003
Keysight Technologies,Custom ,E4982A,Keysight Technologies,IVI-COM/IVI-C,IVI-2014
Keysight Technologies,Custom ,M9168C,Keysight Technologies,IVI-COM/IVI-C,IVI-2003
Keysight Technologies,Custom ,8990B,Keysight Technologies,IVI-COM/IVI-C,IVI-2014
Keysight Technologies,Custom ,"N9010A, N9020A, N9030A, N9000B, N9010B, N9020B, N9030B, N9040B, N9000A, SPN9026A, SPN9003A, M9290A, M9420A, M9421A",Keysight Technologies,IVI-COM/IVI-C,IVI-2014
Keysight Technologies,Custom ,"N3300A, N3301A, N3302A, N3303A, N3304A, N3305A, N3306A, N3307A",National Instruments,IVI-C,IVI-2003
Keysight Technologies,IviACPwr ,"6811C, 6812C, 6813C",Keysight Technologies,IVI-C,IVI-2014
Keysight Technologies,IviACPwr ,"AC6801A,AC6802A,AC6803A,AC6804A,AC6801B,AC6803B,AC6804B,AC6802B",Keysight Technologies,IVI-COM/IVI-C,IVI-2014
Keysight Technologies,IviACPwr ,6800,National Instruments,IVI-C,IVI-2003
Keysight Technologies,IviCounter ,"53210A, 53220A, 53230A",Keysight Technologies,IVI-COM/IVI-C,IVI-2003
Keysight Technologies,IviCounter ,"53230A, 53220A, 53210A",Keysight Technologies,IVI-COM/IVI-C,IVI-2014
Keysight Technologies,IviCounter ,"53210A, 53220A, 53230A",National Instruments,IVI-C,IVI-2003
Keysight Technologies,IviCounter ,"53131A, 53132A",National Instruments,IVI-C,IVI-2014
Keysight Technologies,IviDCPwr ,"U2722A, U2723A",Keysight Technologies,IVI-COM/IVI-C,IVI-2003
Keysight Technologies,IviDCPwr ,"4356A, 6641A, 6642A, 6643A, 6644A, 6645A, 6651A, 6652A, 6653A, 6654A, 6655A, 6671A, 6672A, 6673A, 6674A, 6675A, 6680A, 6681A, 6682A, 6683A, 6684A, 6690A, 6691A, 6692A",Keysight Technologies,IVI-COM,IVI-2003
Keysight Technologies,IviDCPwr ,"66101A, 66102A, 66103A, 66104A, 66105A, 66106A",Keysight Technologies,IVI-COM,IVI-2003
Keysight Technologies,IviDCPwr ,"N5741A, N5742A, N5743A, N5744A, N5745A, N5746A, N5747A, N5748A, N5749A, N5750A, N5751A, N5752A, N5761A, N5762A, N5763A, N5764A, N5765A, N5766A, N5767A, N5768A, N5769A, N5770A, N5771A, N5772A, N8731A, N8732A, N8734A, N8735A, N8736A, N8737A, N8738A, N8739A, N8740A, N8741A, N8742A, N8751A, N8752A, N8753A, N8754A, N8755A, N8756A, N8757A, N8758A, N8759A, N8760A, N8761A, N8762A, N8733A",Keysight Technologies,IVI-COM/IVI-C,IVI-2014
Keysight Technologies,IviDCPwr ,"E3649A, E3648A, E3647A, E3646A, E3645A, E3644A, E3643A, E3642A, E3641A, E3640A, E3634A, E3633A, E3632A, E3631A, E36102A, E36103A, E36104A, E36105A, E36106A",Keysight Technologies,IVI-COM/IVI-C,IVI-2014
Keysight Technologies,IviDCPwr ,"B2901A, B2902A, B2911A, B2912A, B2961A, B2962A",Keysight Technologies,IVI-COM/IVI-C,IVI-2014
Keysight Technologies,IviDCPwr ,"E4360A, E4361A, E4362A",Keysight Technologies,IVI-COM/IVI-C,IVI-2014
Keysight Technologies,IviDCPwr ,"N6700A, N6700B, N6700C, N6701A, N6702A, N6702C, N6705A, N6705B, N6705C",Keysight Technologies,IVI-COM/IVI-C,IVI-2014
Keysight Technologies,IviDCPwr ,"N6950A, N6951A, N6952A, N6953A, N6954A, N6970A, N6971A, N6972A, N6973A, N6974A, N7950A, N7951A, N7952A, N7953A, N7954A, N7970A, N7971A, N7972A, N7973A, N7974A, N6976A, N6977A, N7976A, N7977A, N6991AT, RP7951A, RP7961A, RP7952A, RP7962A, RP7953A, RP7963A, RP7951AT, RP7952AT",Keysight Technologies,IVI-COM/IVI-C,IVI-2014
Keysight Technologies,IviDCPwr ,"E3649A, E3648A, E3647A, E3646A, E3645A, E3644A, E3643A, E3642A, E3641A, E3640A, E3634A, E3633A, E3632A, E3631A, E36102A, E36103A, E36104A, E36015A, E36106A, E36311A, E36312A, E36313A",Keysight Technologies,IVI-COM/IVI-C,IVI-2014
Keysight Technologies,IviDCPwr ,"B2901A, B2902A, B2911A, B2912A, B2961A, B2962A",Keysight Technologies,IVI-COM/IVI-C,IVI-2014
Keysight Technologies,IviDCPwr ,"N6950A, N6951A, N6952A, N6953A, N6954A, N6970A, N6971A, N6972A, N6973A, N6974A, N7950A, N7951A, N7952A, N7953A, N7954A, N7970A, N7971A, N7972A, N7973A, N7974A, N6976A, N6977A, N7976A, N7977A, N6991AT, RP7951A, RP7961A, RP7952A, RP7962A, RP7953A, RP7963A, RP7951AT, RP7952AT, RP7931A, RP7932A, RP7933A, RP7934A, RP7935A, RP7936A, RP7941A, RP7942A, RP7943A, RP7944A, RP7945A, RP7946A, RP7972A, RP7973A, RP7978A, RP7979A, PV8921A, PV8922A, PV8931A, PV8932A, RP7983A, RP7982A, N69143A, N69145A, N69146A, N69172A, N69173A",Keysight Technologies,IVI-COM/IVI-C,IVI-2014
Keysight Technologies,IviDCPwr ,"E3632A, E3633A, E3634A, E3640A, E3641A, E3642A, E3643A, E3644A, E3645A, E36103A, E36104A, E36105A, E36106A, E36102B, E36103B, E36104B, E36105B, E36106B, E36231A, E36232A, E36102A, E3646A, E3647A, E3648A, E3649A, E36233A, E36234A, E3631A, E36311A, E36312A, E36313A, EDU36311A",Keysight Technologies,IVI.NET,IVI-2014
Keysight Technologies,IviDCPwr ,"N6950A, N6951A, N6952A, N6953A, N6954A, N6970A, N6971A, N6972A, N6973A, N6974A, N7950A, N7951A, N7952A, N7953A, N7954A, N7970A, N7971A, N7972A, N7973A, N7974A, N6976A, N6977A, N7976A, N7977A, N6991AT,RP7951A, RP7961A, RP7952A, RP7962A, RP7953A, RP7963A, RP7951AT, RP7952AT, RP7931A, RP7932A, RP7933A, RP7934A, RP7936A, RP7941A, RP7942A, RP7943A, RP7944A, RP7945A, RP7946A, RP7972A, RP7973A, RP7978A, RP7979A, PV8921A, PV8922A, PV8931A, PV8932, RP7983A, RP7982A, N69143A, N69145A, N69146A, N69172A, N69173A, RP7984A",Keysight Technologies,IVI-COM/IVI-C,IVI-2014
Keysight Technologies,IviDCPwr ,"E3632A, E3633A, E3634A, E3640A, E3641A, E3642A, E3643A, E3644A, E3645A, E36102A, E36103A, E36104A, E36105A, E36106A, E36102B, E36103B, E36104B, E36105B, E36106B, E36231A, E36232A, E3631A, E36311A, E36312A, E36313A, EDU36311A, E3646A, E3647A, E3648A, E3649A, E36233A, E36234A",Keysight Technologies,IVI-COM/IVI-C,IVI-2014
Keysight Technologies,IviDCPwr ,"B2901A, B2902A, B2911A, B2912A, B2961A, B2962A, B2901B, B2901BL, B2902B, B2910BL, B2911B, B2912B, B2961B, B2962B",Keysight Technologies,IVI-COM/IVI-C,IVI-2014
Keysight Technologies,IviDCPwr ,"N6700A, N6700B, N6700C, N6701A, N6701C, N6702A, N6702C, N6705A, N6705B, N6705C",Keysight Technologies,IVI-COM/IVI-C,IVI-2014
Keysight Technologies,IviDCPwr ,"N6950A, N6951A, N6952A, N6953A, N6954A, N6970A, N6971A, N6972A, N6973A, N6974A, N7950A, N7951A, N7952A, N7953A, N7954A, N7970A, N7971A, N7972A, N7973A, N7974A",Keysight Technologies,IVI-COM/IVI-C,IVI-2003
Keysight Technologies,IviDCPwr ,"N8920A, N8921A, N8923A, N8924A, N8925A, N8926A, N8928A, N8929A, N8930A, N8931A, N8932A, N8934A, N8935A, N8937A, N8940A, N8941A, N8943A, N8944A, N8945A, N8946A, N8948A, N8949A, N8950A, N8951A, N8952A, N8954A, N8955A, N8957A",Keysight Technologies,IVI-COM/IVI-C,IVI-2003
Keysight Technologies,IviDCPwr ,"N6950A, N6951A, N6952A, N6953A, N6954A, N6970A, N6971A, N6972A, N6973A, N6974A, N6976A, N6977A N7950A, N7951A, N7952A, N7953A, N7954A, N7970A, N7971A, N7972A, N7973A, N7974A, N7976A, N7977A",National Instruments,IVI-C,IVI-2003
Keysight Technologies,IviDCPwr ,"N8920A, N8921A, N8923A, N8924A, N8940A, N8941A, N8943A, N8944A, N8925A, N8926A, N8928A, N8929A, N8930A, N8945A, N8946A, N8948A, N8949A, N8950A, N8931A, N8932A, N8934A, N8935A, N8937A, N8951A, N8952A, N8954A, N8955A, N8957A",National Instruments,IVI-C,IVI-2014
Keysight Technologies,IviDCPwr ,"E36102A, E36103A, E36104A, E36105A, E36106A",National Instruments,IVI-C,IVI-2014
Keysight Technologies,IviDCPwr ,"N5700, N5741A, N5742A, N5743A, N5744A, N5745A, N5746A, N5747A, N5748A, N5749A, N5750A, N5751A, N5761A, N5752A, N5762A, N5763A, N5764A, N5765A, N5766A, N5767A, N5768A, N5769A, N5770A, N5771A, N5772A",National Instruments,IVI-C,IVI-2014
Keysight Technologies,IviDCPwr ,"N8731A, N8732A, N8733A, N8734A, N8735A, N8736A, N8737A, N8738A, N8739A, N8740A, N8741A, N8742A, N8754A, N8755A, N8756A, N8757A, N8758A, N8759A, N8760A, N8761A, N8762A",National Instruments,IVI-C,IVI-2003
Keysight Technologies,IviDCPwr ,"6030A, 6031A, 6032A, 6033A, 6035A, 6038A",National Instruments,IVI-C,IVI-2003
Keysight Technologies,IviDCPwr ,"66309B/D, 66311A/B/D, 66319B/D, 66321B/D",National Instruments,IVI-C,IVI-2003
Keysight Technologies,IviDCPwr ,"66000A, 66101A, 66102A, 66103A, 66104A, 66105A, 66106A",National Instruments,IVI-C,IVI-2003
Keysight Technologies,IviDCPwr ,"N6700A, N6700B, N6701A, N6702A, N6705A, N6705B, N6731A, N6732A, N6733A, N6734A, N6735A, N6742A, N6743A, N6744A, N6745A, N6731B, N6732B, N6733B, N6734B, N6735B, N6736B, N6741B, N6742B, N6743B, N6744B, N6745B, N6746B, N6751A, N6752A, N6753A, N6754A, N6755A, N6756A, N6761A, N6762A, N6763A, N6764A, N6765A, N6766A, N6773A, N6774A, N6775A, N6776A, N6777A, N6781A, N6782A, N6783A, N6784A, N6785A, N6786A",National Instruments,IVI-C,IVI-2014
Keysight Technologies,IviDCPwr ,"6621A, 6622A, 6623A, 6624A, 6625A, 6626A, 6627A, 6628A, 6629A",National Instruments,IVI-C,IVI-2003
Keysight Technologies,IviDCPwr ,"6641A, 6642A, 6643A, 6644A, 6645A, 6651A, 6652A, 6653A, 6654A, 6655A, 6671A, 6672A, 6673A, 6674A, 6675A, 6680A, 6681A, 6682A, 6683A, 6684A, 6690A, 6691A, 6692A, E4356A",National Instruments,IVI-C,IVI-2003
Keysight Technologies,IviDCPwr ,"6631B, 6632B, 6633B, 6634B, 6611C, 6612C, 6613C, 6614C",National Instruments,IVI-C,IVI-2003
Keysight Technologies,IviDCPwr ,"E3631A, E3632A, E3633A, E3634A",National Instruments,IVI-C,IVI-2014
Keysight Technologies,IviDCPwr ,"E3640A, E3641A, E3642A, E3643A, E3644A, E3645A, E3646A, E3647A, E3648A, E3649A",National Instruments,IVI-C,IVI-2014
Keysight Technologies,IviDigitizer ,"M9202A,M9210A,M9211A,DC270,DC240,DC265,DC271,DC271A,DC211,DC241,DC271AR,DC241A,DC211A,DC282,DC222,DC282HZ,DC222HF,DC222HZ,DC252,DC252HF,DC252HZ,DC440,DC436,DC438,DC152,DC152HZ,DC122,DC122HF,DC122HZ,DP105,DP106,DP110,DP111,DC110,DP210,DP211,DP212,DP214,DP235,DP240,DC135,DC140,DC140HZ,DP306,DP308,DP310,U1071A002,U1071AHZ1,U1071AHZ2,U1071AHZ4,U1071A004,DP1400,U1091AD28,U1084A,U5203A",Keysight Technologies,IVI-COM/IVI-C,IVI-2003
Keysight Technologies,IviDigitizer ,"U5303A, U5309A, U5310A, M9703B, M9709A, M9710A, M9203A",Keysight Technologies,IVI-COM/IVI-C,IVI-2014
Keysight Technologies,IviDigitizer ,"L4532A, L4534A",National Instruments,IVI-C,IVI-2003
Keysight Technologies,IviDmm ,"M9181A, M9182A, M9183A",Keysight Technologies,IVI-COM/IVI-C,IVI-2003
Keysight Technologies,IviDmm ,"34410A, 34411A, L4411A",Keysight Technologies,IVI-COM/IVI-C,IVI-2014
Keysight Technologies,IviDmm ,U2741A,Keysight Technologies,IVI-COM/IVI-C,IVI-2003
Keysight Technologies,IviDmm ,"U3606A, U3606B",Keysight Technologies,IVI-COM/IVI-C,IVI-2003
Keysight Technologies,IviDmm ,34405A,Keysight Technologies,IVI-COM/IVI-C,IVI-2003
Keysight Technologies,IviDmm ,34401A,Keysight Technologies,IVI-COM/IVI-C,IVI-2014
Keysight Technologies,IviDmm ,"34450A, EDU34450A",Keysight Technologies,IVI-COM/IVI-C,IVI-2014
Keysight Technologies,IviDmm ,"34450A, EDU34450A, 34460A, 34461A, 34465A, 34470A",Keysight Technologies,IVI.NET,IVI-2014
Keysight Technologies,IviDmm ,34450A,Keysight Technologies,IVI-COM/IVI-C,IVI-2003
Keysight Technologies,IviDmm ,"34460A, 34461A",Keysight Technologies,IVI-COM/IVI-C,IVI-2014
Keysight Technologies,IviDmm ,"34460A, 34461A, 34465A, 34470A",National Instruments,IVI-C,IVI-2014
Keysight Technologies,IviDmm ,U2741A,National Instruments,IVI-C,IVI-2003
Keysight Technologies,IviDmm ,"34405A, 34450A",National Instruments,IVI-C,IVI-2014
Keysight Technologies,IviDmm ,"34401A, 34410A, 34411A, E1412A, L4411A",National Instruments,IVI-C,IVI-2014
Keysight Technologies,IviDmm ,34420A,National Instruments,IVI-C,IVI-2003
Keysight Technologies,IviDmm ,3458A,National Instruments,IVI-C,IVI-2003
Keysight Technologies,IviDmm ,E1410A,National Instruments,IVI-C,IVI-2003
Keysight Technologies,IviDmm ,E1411B,National Instruments,IVI-C,IVI-2003
Keysight Technologies,IviFgen ,U2761A,Keysight Technologies,IVI-COM,IVI-2003
Keysight Technologies,IviFgen ,"M9330A, M9331A, N6030A, N6031A, N6032A, N6033A",Keysight Technologies,IVI-COM/IVI-C,IVI-2003
Keysight Technologies,IviFgen ,33250A,Keysight Technologies,IVI-COM/IVI-C,IVI-2003
Keysight Technologies,IviFgen ,"33210A, 33220A",Keysight Technologies,IVI-COM/IVI-C,IVI-2014
Keysight Technologies,IviFgen ,"81150A, 81160A",Keysight Technologies,IVI-COM,IVI-2014
Keysight Technologies,IviFgen ,M8190A,Keysight Technologies,IVI-COM/IVI-C,IVI-2003
Keysight Technologies,IviFgen ,"81180A, 81180B",Keysight Technologies,IVI-COM/IVI-C,IVI-2003
Keysight Technologies,IviFgen ,M8190A,Keysight Technologies,IVI-COM/IVI-C,IVI-2014
Keysight Technologies,IviFgen ,M8195A,Keysight Technologies,IVI-COM/IVI-C,IVI-2014
Keysight Technologies,IviFgen ,"33522B, 33521B, 33520B, 33519B, 33512B, 33511B, 33510B, 33509B 33609A, 33610A, 33611A, 33612A, 33619A, 33620A, 33621A, 33622A, EDU33211A, EDU33212A",Keysight Technologies,IVI-COM/IVI-C,IVI-2014
Keysight Technologies,IviFgen ,"33521A, 33522A, 33522B, 33521B, 33520B, 33519B, 33512B, 33511B, 33510B, 33509B, 33609A, 33610A, 33611A, 33612A, 33619A, 33620A, 33621A, 33622A, EDU33211A, EDU33212A, 33210A, 33220A",Keysight Technologies,IVI.NET,IVI-2014
Keysight Technologies,IviFgen ,M9336A,Keysight Technologies,IVI.NET,IVI-2014
Keysight Technologies,IviFgen ,"33509B, 33510B, 33511B, 33512B, 33519B, 33520B, 33521A, 33521B, 33522A, 33522B, 33611A, 33612A, 33621A, 33622A",Keysight Technologies,IVI-COM/IVI-C,IVI-2014
Keysight Technologies,IviFgen ,"M9336A, P9336A",Keysight Technologies,IVI.NET,IVI-2014
Keysight Technologies,IviFgen ,"M9336A, P9336A",Keysight Technologies,IVI-C,IVI-2014
Keysight Technologies,IviFgen ,M9336A,Keysight Technologies,IVI-C,IVI-2014
Keysight Technologies,IviFgen ,"81150A, 81160A",National Instruments,IVI-C,IVI-2003
Keysight Technologies,IviFgen ,U2761A,National Instruments,IVI-C,IVI-2003
Keysight Technologies,IviFgen ,3325B,National Instruments,IVI-C,IVI-2003
Keysight Technologies,IviFgen ,"33120A, 33210A, 33220A, 33250A, E1441A",National Instruments,IVI-C,IVI-2014
Keysight Technologies,IviFgen ,"33521A, 33522A, 33522B, 33521B, 33520B, 33519B, 33512B, 33511B, 33510B, 33509B, 33611A, 33612A, 33621A, 33622A",National Instruments,IVI-C,IVI-2003
Keysight Technologies,IviPwrMeter ,"E4416A, E4417A, E4418B, E4419B, N1911A, N1912A, N8262A, N1913A, N1914A, N1921A N1922A, 8481A, 8482A, 8483A, 8485A, 8487A, 8481B, 8482B, 8481H, 8482H, 8487D, 8485D, 8481D, E9325A, E9326A, E9327A, U2000A, U2000B, U2000H, U2001A, U2001H, U2002A, U2002B, U2002H, U2004A, U2001B, N432A, U2021XA, U2022XA, U8481A, U8485A, U8487A, U8488A, U8489A, U2041XA, U2042XA, U2043XA, U2044XA, U2049XA, U2053XA, U2063XA, L2051XA, L2061XA, L2052XA, L2062XA, L2053XA, L2063XA",Keysight Technologies,IVI-COM/IVI-C,IVI-2014
Keysight Technologies,IviPwrMeter ,"E3632A, E4416A, E4417A, E4418B, E4419B, N1911A, N1912A, N8262A, N1913A, N1914A, N1921A, N1922A, 8481A, 8482A, 8483A, 8485A, 8487A, 8481B, 8482B, 8481H, 8482H, 8487D, 8485D, 8481D, E9325A, E9326A, E9327A, U2000A, U2000B, U2000H, U2001A, U2001H, U2002A, U2002B, U2002H, U2004A, U2001B, N432A, U2021XA, U2022XA, U8481A, U8485A, U8487A, U8488A, U8489A, U2041XA, U2042XA, U2043XA, U2044XA, U2049XA, U2053XA, U2063XA, L2051XA, L2061XA, L2052XA, L2062XA, L2053XA, L2063XA, U2054XA, U2064XA, U2055XA, U2065XA, L2054XA, L2064XA, L2055XA, L2065XA, L2065XT, U2051XA, U2052XA, U2061XA, U2062XA, N1913B, N1914B",Keysight Technologies,IVI.NET,IVI-2014
Keysight Technologies,IviPwrMeter ,"E4416A, E4417A, E4418B, E4419B, N1911A, N1912A, N8262A, N1913A, N1914A, N1921A N1922A, 8481A, 8482A, 8483A, 8485A, 8487A, 8481B, 8482B, 8481H, 8482H, 8487D, 8485D, 8481D, E9325A, E9326A, E9327A, U2000A, U2000B, U2000H, U2001A, U2001H, U2002A, U2002B, U2002H, U2004A, U2001B, N432A, U2021XA, U2022XA, U8481A, U8485A, U8487A, U8488A, U8489A, U2041XA, U2042XA, U2043XA, U2044XA, U2049XA, U2053XA, U2063XA, L2051XA, L2061XA, L2052XA, L2062XA, L2053XA, L2063XA, U2054XA, U2064XA, U2055XA, U2065XA, L2054XA, L2064XA, L2055XA, L2065XA, L2065XT, U2051XA, U2052XA, U2061XA, U2062XA",Keysight Technologies,IVI-COM/IVI-C,IVI-2014
Keysight Technologies,IviPwrMeter ,N432A,National Instruments,IVI-C,IVI-2003
Keysight Technologies,IviPwrMeter ,"N1911A, N1912A, N8262A",National Instruments,IVI-C,IVI-2003
Keysight Technologies,IviRFSigGen ,"E4428C, E4438C, N5181A, N5182A, N5183A, N5171B, N5181B, N5172B, N5182B, E8241A, E8244A, E8251A, E8254A, E8247C, E8257C, E8267C, E8257D, E8267D, E8663B, E8257N",Keysight Technologies,IVI-COM/IVI-C,IVI-2003
Keysight Technologies,IviRFSigGen ,"E4428C, E4438C,N5181A, N5182A, N5183A, N5171B, N5181B, N5172B, N5182B, N5173B, N5183B E8241A, E8244A, E8251A, E8254A, E8247C, E8257C, E8267C, E8257D, E8267D, E8257N, E8663B, E8663D, N5166B",Keysight Technologies,IVI-COM/IVI-C,IVI-2014
Keysight Technologies,IviRFSigGen ,"M9383B, M9384B",Keysight Technologies,IVI.NET,IVI-2014
Keysight Technologies,IviRFSigGen ,"E4428C, E4438C,N5181A, N5182A, N5183A, N5171B, N5181B, N5172B, N5182B, N5182N, N5173B, N5183B, N5183N, E8241A, E8244A, E8251A, E8254A, E8247C, E8257C, E8267C, E8257D, E8267D, E8257N, E8663B, E8663D, N5166B",Keysight Technologies,IVI-COM/IVI-C,IVI-2014
Keysight Technologies,IviRFSigGen ,M9383A,Keysight Technologies,IVI-COM/IVI-C,IVI-2014
Keysight Technologies,IviRFSigGen ,"N5191A, N5193A, N5194A",Keysight Technologies,IVI-COM/IVI-C,IVI-2014
Keysight Technologies,IviRFSigGen ,"E4428C, E4438C,N5181A, N5182A, N5183A, N5171B, N5181B, N5172B, N5182B, N5173B, N5183B, E8241A, E8244A, E8251A, E8254A, E8247C, E8257C, E8267C, E8257D, E8267D, E8663B, E8257N, E8663B, E8663D",Keysight Technologies,IVI-COM/IVI-C,IVI-2014
Keysight Technologies,IviRFSigGen ,N9310A,National Instruments,IVI-C,IVI-2003
Keysight Technologies,IviRFSigGen ,"E8247C, E8257C, E8257D, E8267C, E8267D, E8241A, E8244A, E8251A, E8254A, N5181A, N5182A, N5183A, N5161A, N5162A, N5171B, N5172B,N5181B, N5182B, N5173B, N5183B",National Instruments,IVI-C,IVI-2014
Keysight Technologies,IviRFSigGen ,"E4400B, E4420B, E4421B, E4422B, E4423B, E4424B, E4425B, E4426B, E4430B, E4431B, E4432B, E4433B, E4434B, E4435B, E4436B, E4437B, E4438C",National Instruments,IVI-C,IVI-2003
Keysight Technologies,IviScope ,"86100A, 86100B, 86100C",Keysight Technologies,IVI-COM,IVI-2003
Keysight Technologies,IviScope ,"DC270, DC240, DC265, DC271, DC271A, DC211, DC241, DC271AR, DC241A, DC211A, DC282, DC222, DC282HZ, DC222HF, DC222HZ, DC252, DC252HF, DC252HZ, DC440, DC436, DC438, DC152, DC152HZ, DC122, DC122HF, DC122HZ, M9210A, M9211A, DP105, DP106, DP110, DP111, DC110, DP210, DP211, DP212, DP214, DP235, DP240, DC135, DC140, DC140HZ, DC135HZ, DP306, DP308, DP310, U1071A002, U1071AHZ1, U1071AHZ2, U1071AHZ4, U1071A004, DP1400, U1091AD28, M9202A, M9203A, U1084A001, M9703A",Keysight Technologies,IVI-COM/IVI-C,IVI-2003
Keysight Technologies,IviScope ,"DSO-X 2002A, DSO-X 2004A, DSO-X 2012A, DSO-X 2014A, DSO-X 2022A, DSO-X 2024A, MSO-X 2002A, MSO-X 2004A, MSO-X 2012A, MSO-X 2014A, MSO-X 2022A, MSO-X 2024A, DSO-X 3014A, DSO-X 3024A, DSO-X 3032A, DSO-X 3034A, DSO-X 3052A, DSO-X 3054A, MSO-X 3012A, MSO-X 3014A, MSO-X 3024A, MSO-X 3032A, MSO-X 3034A, MSO-X 3052A, MSO-X 3054A, DSO-X 3012A, MSO-X 3102A, MSO-X 3104A, DSO-X 3102A, DSO-X 3104A, MSO-X 4022A, MSO-X 4032A, MSO-X 4052A, MSO-X 4024A, MSO-X 4034A, MSO-X 4054A, MSO-X 4104A, MSO-X 4154A, DSO-X 4022A, DSO-X 4032A, DSO-X 4052A, DSO-X 4024A, DSO-X 4034A, DSO-X 4054A, DSO-X 4104A, DSO-X 4154A",Keysight Technologies,IVI-COM/IVI-C,IVI-2003
Keysight Technologies,IviScope ,"U2701A, U2702A",Keysight Technologies,IVI-COM/IVI-C,IVI-2003
Keysight Technologies,IviScope ,"54621A, 54621D, 54622A, 54622D, 54624A, 54641A, 54641D, 54642A, 54642D, DSO6012A, MSO6012A, DSO6014A, MSO6014A, DSO6032A, MSO6032A, DSO6034A, MSO6034A, DSO6052A, MSO6052A, DSO6054A, MSO6054A, DSO6102A, MSO6102A, DSO6104A, MSO6104A, DSO6014L, DSO6054L, DSO6104L, DSO6034L, DSO5054A, DSO5052A, DSO5034A, DSO5032A, DSO5014A, DSO5012A, DSO7032A, DSO7052A, DSO7102A, DSO7034A, DSO7054A, DSO7104A, MSO7032A, MSO7052A, MSO7102A, MSO7034A, MSO7054A, MSO7104A, DSO7012A, DSO7014A, MSO7012A, MSO7014A, DSO7104B, DSO7012B, DSO7034B, DSO7032B, DSO7054B, DSO7052B, DSO7014B, MSO7014B, MSO7012B, MSO7032B, MSO7034B, MSO7052B, MSO7054B, MSO7104B",Keysight Technologies,IVI-COM/IVI-C,IVI-2003
Keysight Technologies,IviScope ,"DSOX1102A, DSOX1102G, EDUX1002A, EDUX1002G, DSOX2002A, DSOX2004A, DSOX2012A, DSOX2014A, DSOX2022A, DSOX2024A, MSOX2002A, MSOX2004A, MSOX2012A, MSOX2014A, MSOX2022A, MSOX2024A, DSOX3014A, DSOX3024A, DSOX3032A, DSOX3034A, DSOX3052A, DSOX3054A, MSOX3012A, MSOX3014A, MSOX3024A, MSOX3032A, MSOX3034A, MSOX3052A, MSOX3054A, DSOX3012A, MSOX3102A, MSOX3104A, DSOX3102A, DSOX3104A, DSOX3012T, DSOX3014T, DSOX3022T, DSOX3024T, DSOX3032T, DSOX3034T, DSOX3054T, DSOX3102T, DSOX3104T, MSOX3012T, MSOX3014T, MSOX3022T, MSOX3024T, MSOX3032T, MSOX3034T, MSOX3052T, MSOX3054T, MSOX3102T, MSOX3104T, DSOX3052T, DSOX4022A, DSOX4032A, DSOX4052A, DSOX4024A, DSOX4034A, DSOX4054A, DSOX4154A, MSOX4022A, MSOX4032A, MSOX4052A, MSOX4054A, MSOX4024A, MSOX4034A, MSOX4104A, MSOX4154A, DSOX4104A, MSOX6002A, MSOX6004A, DSOX6002A, DSOX6004A, M9241A, M9242A, M9243A",Keysight Technologies,IVI-COM/IVI-C,IVI-2014
Keysight Technologies,IviScope ,"DSOX1102A,DSOX1102G,EDUX1002A,EDUX1002G,DSOX2002A,DSOX2004A,DSOX2012A,DSOX2014A,DSOX2022A,DSOX2024A,MSOX2002A,MSOX2004A,MSOX2012A,MSOX2014A,MSOX2022A,MSOX2024A,DSOX3014A,DSOX3024A,DSOX3032A,DSOX3034A,DSOX3052A,DSOX3054A,MSOX3012A,MSOX3014A,MSOX3024A,MSOX3032A,MSOX3034A,MSOX3052A,MSOX3054A,DSOX3012A,MSOX3102A,MSOX3104A,DSOX3102A,DSOX3104A,DSOX3012T,DSOX3014T,DSOX3022T,DSOX3024T,DSOX3032T,DSOX3034T,DSOX3054T,DSOX3102T,DSOX3104T,MSOX3012T,MSOX3014T,MSOX3022T,MSOX3024T,MSOX3032T,MSOX3034T,MSOX3052T,MSOX3054T,MSOX3102T,MSOX3104T,DSOX3052T,DSOX4022A,DSOX4032A,DSOX4052A,DSOX4024A,DSOX4034A,DSOX4054A,DSOX4154A,MSOX4022A,MSOX4032A,MSOX4052A,MSOX4054A,MSOX4024A,MSOX4034A,MSOX4104A,MSOX4154A,DSOX4104A,MSOX6002A,MSOX6004A,DSOX6002A,DSOX6004A,M9241A,M9242A,M9243A,P9241A,P9242A,P9243A",Keysight Technologies,IVI-COM/IVI-C,IVI-2014
Keysight Technologies,IviScope ,"54830B, 54830D, 54831B, 54831D, 54832B, 54833A, 54832D, 54833D, MSO8104A, MSO8064A, DSO8104A, DSO8064A, 54835A, 54853A, 54854A, 54855A, DSO80804A, DSO81004A, DSO81204A, DSO81304A, 54845A, 54845B, 54846A, 54846B, 54810A, 54815A, 54820A, 54825A, DSO80204B, DSO80304B, DSO80404B, DSO80604B, DSO80804B, DSO81004B, DSO81204B, DSO81304B, DSO91304A, DSO91204A, DSO90804A, DSO90604A, DSO90404A, DSA91304A, DSA91204A, DSA90804A, DSA90604A, DSA90404A, DSO90254A, DSA90254A, DSO90808A, DSO91208A, DSO91308A, MSO9404A, MSO9254A, MSO9104A, MSO9064A, DSO9404A, DSO9254A, DSO9104A, DSO9064A, DSAX91604A, DSAX92004A, DSAX92504A, DSAX92804A, DSAX93204A, DSOX91604A, DSOX92004A, DSOX92504A, DSOX92804A, DSOX93204A, DSA93004L, DSO93004L, DSOV084A, DSOV134A, DSOV164A, DSOV204A, DSOV254A, DSOV334A, DSAV084A, DSAV134A, DSAV164A, DSAV204A, DSAV254A, DSAV334A, MSOV084A, MSOV134A, MSOV164A, MSOV204A, MSOV254A, MSOV334A, DSOZ504A, DSOZ634A, DSOZ334A, DSOZ254A, DSOZ204A, DSAZ634A, DSAZ504A, DSAZ334A, DSAZ254A, DSAZ204A, DSOS064A, DSOS104A, DSOS204A, DSOS254A, DSOS404A, DSOS604A, DSOS804A, MSOS064A, MSOS104A, MSOS204A, MSOS254A, MSOS404A, MSOS604A, MSOS804A, DSOS054A",Keysight Technologies,IVI-COM/IVI-C,IVI-2014
Keysight Technologies,IviScope ,"DSOX1102A,DSOX1102G,DSOX1204A,DSOX1204G,EDUX1002A,EDUX1002G,DSOX2002A, DSOX2004A,DSOX2012A,DSOX2014A,DSOX2022A,DSOX2024A,MSOX2002A,MSOX2004A, MSOX2012A,MSOX2014A,MSOX2022A,MSOX2024A,DSOX3014A,DSOX3024A,DSOX3032A, DSOX3034A,DSOX3052A,DSOX3054A,MSOX3012A,MSOX3014A,MSOX3024A,MSOX3032A, MSOX3034A,MSOX3052A,MSOX3054A,DSOX3012A,MSOX3102A,MSOX3104A,DSOX3102A, DSOX3104A,DSOX3012T,DSOX3014T,DSOX3022T,DSOX3024T,DSOX3032T,DSOX3034T, DSOX3054T,DSOX3102T,DSOX3104T,MSOX3012T,MSOX3014T,MSOX3022T,MSOX3024T, MSOX3032T,MSOX3034T,MSOX3052T,MSOX3054T,MSOX3102T,MSOX3104T,DSOX3052T, DSOX4022A,DSOX4032A,DSOX4052A,DSOX4024A,DSOX4034A,DSOX4054A,DSOX4154A, MSOX4022A,MSOX4032A,MSOX4052A,MSOX4054A,MSOX4024A,MSOX4034A,MSOX4104A, MSOX4154A,DSOX4104A,MSOX6002A,MSOX6004A,DSOX6002A,DSOX6004A,M9241A,M9242A,M9243A, P9241A,P9242A,P9243A",Keysight Technologies,IVI-COM/IVI-C,IVI-2014
Keysight Technologies,IviScope ,"86100D, N1010A",Keysight Technologies,IVI-COM/IVI-C,IVI-2014
Keysight Technologies,IviScope ,"DSO3062A, DSO3102A, DSO3152A, DSO3202A",National Instruments,IVI-C,IVI-2014
Keysight Technologies,IviScope ,"MSO8104A, MSO8064A, DSO8104A, DSO8064A, DSO80204B, DSO80304B, DSO80404B, DSO80604B, DSO80804B, DSO81004B, DSO81204B, DSO81304B, DSA80204B, DSA80304B, DSA80404B, DSA80604B, DSA80804B, DSA81004B, DSA81204B, DSA81304B",National Instruments,IVI-C,IVI-2003
Keysight Technologies,IviScope ,"DSO90254A, DSO90404A, DSO90604A, DSO90804A, DSO91204A, DSO91304A, DSA90254A, DSA90404A, DSA90604A, DSA90804A, DSA91204A, DSA91304A, DSO9104A, DSO9254A, DSO9404A, DSO9064A, MSO9104A, MSO9254A, MSO9404A, MSO9064A, DSO93004L, DSOX91604A, DSOX92004A, DSOX92504A, DSOX92804A, DSOX93204A, DSO9024H, DSO9054H, DSO9104H, DSO9204H, DSOS054A, DSOS104A, DSOS204A, DSOS254A, DSOS404A, DSOS604A, DSOS804A, MSOS054A, MSOS104A, MSOS204A, MSOS254A, MSOS404A, MSOS604A, MSOS804A, DSAX96204Q, DSAX95004Q, DSAX93304Q, DSAX92504Q, DSAX92004Q, DSOX96204Q, DSOX95004Q, DSOX93304Q, DSOX92504Q, DSOX92004Q",National Instruments,IVI-C,IVI-2014
Keysight Technologies,IviScope ,"DSO6012A, DSO6014A, DSO6014L, DSO6032A, DSO6034A, DSO6052A, DSO6054A, DSO6054L, DSO6102A, DSO6104A, DSO6104L, DSO5012A, DSO5014A, DSO5032A, DSO5034A, DSO5052A, DSO5054A, DSO7032A, DSO7034A, DSO7052A, DSO7054A, DSO7104A, DSO7012A, DSO7014A, MSO6012A, MSO6014A, MSO6032A, MSO6034A, MSO6052A, MSO6054A, MSO6102A, MSO6104A, MSO7032A, MSO7034A, MSO7052A, MSO7054A, MSO7104A, MSO7012A, MSO7014A, DSO7032B, DSO7034B, DSO7052B, DSO7054B, DSO7104B, MSO7032B, MSO7034B, MSO7052B, MSO7054B, MSO7104B, DSO7012B, MSO7012B, DSO7014B, MSO7014B",National Instruments,IVI-C,IVI-2014
Keysight Technologies,IviScope ,"MSOX4022A, MSOX4032A, MSOX4052A, MSOX4024A, MSOX4034A, MSOX4054A, MSOX4104A, MSOX4154A, DSOX4022A, DSOX4032A, DSOX4052A, DSOX4024A, DSOX4034A, DSOX4054A, DSOX4104A, DSOX4154A, MSOX3102A, MSOX3104A, MSOX3014A, MSOX3024A, MSOX3034A, MSOX3054A, MSOX3012A, MSOX3032A, MSOX3052A, DSOX3102A, DSOX3104A, DSOX3014A, DSOX3024A, DSOX3034A, DSOX3054A, DSOX3012A, DSOX3032A, DSOX3052A, MSOX2004A, MSOX2014A, MSOX2024A, MSOX2002A, MSOX2012A, MSOX2022A, DSOX2004A, DSOX2014A, DSOX2024A, DSOX2002A, DSOX2012A, DSOX2022A, MSOX3012T, MSOX3022T, MSOX3032T, MSOX3052T, MSOX3102T, MSOX3014T, MSOX3024T, MSOX3034T, MSOX3054T, MSOX3104T, DSOX3012T, DSOX3022T, DSOX3032T, DSOX3052T, DSOX3102T, DSOX3014T, DSOX3024T, DSOX3034T, DSOX3054T, DSOX3104T, DSOX6002A, DSOX6004A, MSOX6002A, MSOX6004A",National Instruments,IVI-C,IVI-2014
Keysight Technologies,IviScope ,"DSO1024A, DSO1022A, DSO1014A, DSO1012A, DSO1004A, DSO1002A",National Instruments,IVI-C,IVI-2014
Keysight Technologies,IviScope ,"54621A, 54621D, 54622A, 54622D, 54624A",National Instruments,IVI-C,IVI-2003
Keysight Technologies,IviScope ,54645D,National Instruments,IVI-C,IVI-2003
Keysight Technologies,IviScope ,"54810A, 54815A, 54820A, 54825A, 54845A",National Instruments,IVI-C,IVI-2003
Keysight Technologies,IviScope ,E1426A,National Instruments,IVI-C,IVI-2003
Keysight Technologies,IviScope ,E1428A,National Instruments,IVI-C,IVI-2003
Keysight Technologies,IviScope ,"L4532A, L4534A",National Instruments,IVI-C,IVI-2003
Keysight Technologies,IviSpecAn ,"E4401B, E4402B, E4403B, E4404B, E4405B, E4406A, E4407B, E4408B, E4411B, E4440A, E4443A, E4445A, E4446A, E4447A, E4448A, E7401A, E7402A, E7403A, E7404A, E7405A, N8201A, N9010A, N9020A",Keysight Technologies,IVI-COM/IVI-C,IVI-2003
Keysight Technologies,IviSpecAn ,N1996A,Keysight Technologies,IVI-COM/IVI-C,IVI-2003
Keysight Technologies,IviSpecAn ,"N9020A, N9010A, N9030A, N9000A, E4406A, E4440A, E4443A, E4445A, E4446A, E4448A, N8201A, E4447A, E4401B, E4402B, E4403B, E4404B, E4405B, E4407B, E4408B, E4411B, E7401A, E7402A, E7403A, E7404A, E7405A",Keysight Technologies,IVI-COM/IVI-C,IVI-2003
Keysight Technologies,IviSpecAn ,N9000A N9010A N9020A N9030A M9290A N9040B N9038A M9420A N9000B N9010B N9020B N9030B SPN9003A SPN9026A N8973B N8974B N8975B N8976B M8920A M90XA,Keysight Technologies,IVI-COM/IVI-C,IVI-2014
Keysight Technologies,IviSpecAn ,"N9000A, N9000B, N9010A, N9010B, N9020A, N9020B, N9030A, N9030B, N9038A, M9290A, N9040B, N9041B, M9420A, M9421A, PN9003A, SPN9026A, N8973B, N8974B, N8975B, N8976B, M90XA, M8920A",Keysight Technologies,IVI-COM/IVI-C,IVI-2014
Keysight Technologies,IviSpecAn ,"N9000A, N9000B, N9010A, N9010B, N9020A, N9020B, N9030A, N9030B, N9038A, M9290A, N9040B, N9041B, M9420A, M9421A, SPN9003A, SPN9026A, N8973B, N8974B, N8975B, N8976B, M90XA",Keysight Technologies,IVI-COM/IVI-C,IVI-2014
Keysight Technologies,IviSpecAn ,"N9342C, N9343C, N9344C, N9322C",National Instruments,IVI-C,IVI-2003
Keysight Technologies,IviSpecAn ,"N9320A, N9320B",National Instruments,IVI-C,IVI-2003
Keysight Technologies,IviSpecAn ,N1996A,National Instruments,IVI-C,IVI-2003
Keysight Technologies,IviSpecAn ,"N9020A, N9010A, N9030A, N9000A",National Instruments,IVI-C,IVI-2003
Keysight Technologies,IviSpecAn ,"E4440A, E4443A, E4445A, E4446A, E4447A, E4448A",National Instruments,IVI-C,IVI-2003
Keysight Technologies,IviSpecAn ,"E4402B, E4401B, E4403B, E4404B, E4405B, E4407B, E4408B, E4411B",National Instruments,IVI-C,IVI-2014
Keysight Technologies,IviSpecAn ,N9340B,National Instruments,IVI-C,IVI-2003
Keysight Technologies,IviSwtch ,"M9128A, M9146A, M9147A, M9148A, M9149A, M9150A, M9151A, M9152A, M9153A, M9101A, M9102A, M9103A, M9120A, M9121A, M9122A, M9130A, M9131A, M9132A, M9133A, M9135A",Keysight Technologies,IVI-COM/IVI-C,IVI-2003
Keysight Technologies,IviSwtch ,"M9155C, M9156C, M9157C, M9161D",Keysight Technologies,IVI-COM/IVI-C,IVI-2014
Keysight Technologies,IviSwtch ,"L4421A, L4433A, L4437A, L4445A, L4450A, L4451A, L4452A, L4459A, L4490A, L4491A",Keysight Technologies,IVI-COM/IVI-C,IVI-2003
Keysight Technologies,IviSwtch ,"3499A,3499B,3499C",Keysight Technologies,IVI-COM/IVI-C,IVI-2003
Keysight Technologies,IviSwtch ,Driver code for IviSwtch class required,Keysight Technologies,IVI-C,IVI-2003
Keysight Technologies,IviSwtch ,M9170A,Keysight Technologies,IVI-COM/IVI-C,IVI-2003
Keysight Technologies,IviSwtch ,34980A,Keysight Technologies,IVI-COM/IVI-C,IVI-2003
Keysight Technologies,IviSwtch ,U2751A,National Instruments,IVI-C,IVI-2003
Keysight Technologies,IviSwtch ,"3499A, 3499B, 3488A",National Instruments,IVI-C,IVI-2003
Keysight Technologies,IviSwtch ,E1442A,National Instruments,IVI-C,IVI-2003
Keysight Technologies,IviSwtch ,E1460A,National Instruments,IVI-C,IVI-2003
Keysight Technologies,IviSwtch ,E1463A,National Instruments,IVI-C,IVI-2003
Keysight Technologies,IviSwtch ,E8462A,National Instruments,IVI-C,IVI-2003
Kikusui,Custom ,"TOS5300,TOS5301,TOS5302",Kikusui,IVI-COM/IVI-C,IVI-2003
Kikusui,Custom ,"PXZ20K-500, PXZ20K-1000, PXZ20K-1500",Kikusui,IVI-COM/IVI-C,IVI-2003
Kikusui,Custom ,PCZ1000A,Kikusui,IVI-COM/IVI-C,IVI-2003
Kikusui,Custom ,"PCR500M,PCR1000M,PCR2000M",Kikusui,IVI-COM/IVI-C,IVI-2003
Kikusui,Custom ,"KJM6710,KJM6310",Kikusui,IVI-COM/IVI-C,IVI-2003
Kikusui,Custom ,"KPM3000-1,KPM3000-2,KPM3000-3",Kikusui,IVI-COM/IVI-C,IVI-2003
Kikusui,Custom ,All PLZ-4W/4WA/4WL/U models,Kikusui,IVI-COM/IVI-C,IVI-2003
Kikusui,Custom ,"PLZ205W,PLZ405W,PLZ1205W,PLZ12005WH,PLZ20005WH,PLZ1005WH2,PLZ2005WH2,PLZ4005WH2,PLZ20005WH2",Kikusui,IVI-COM/IVI-C,IVI-2003
Kikusui,Custom ,"TOS9300,TOS9301,TOS9302,TOS9303,TOS9303LC",Kikusui,IVI-COM/IVI-C,IVI-2003
Kikusui,IviACPwr ,"All PCR-WE,WE2/WEA,WEA2 series",Kikusui,IVI-COM/IVI-C,IVI-2003
Kikusui,IviACPwr ,"PCR500LE,PCR1000LE,PCR2000LE,PCR3000LE,PCR4000LE,PCR6000LE,PCR9000LE",Kikusui,IVI-COM/IVI-C,IVI-2003
Kikusui,IviACPwr ,"PCR500LE,PCR1000LE,PCR2000LE,PCR3000LE,PCR4000LE,PCR6000LE,PCR9000LE PCR6000LE2,PCR9000LE2,PCR12000LE2,PCR18000LE2,PCR27000LE2",Kikusui,IVI-COM/IVI-C,IVI-2003
Kikusui,IviACPwr ,"PCR500MA,PCR1000MA,PCR2000MA,PCR4000MA",Kikusui,IVI-COM/IVI-C,IVI-2003
Kikusui,IviDCPwr ,"PAN16-10E,PAN35-5E,PAN16-18E,PAN35-10E,PAN16-30E,PAN35-20E",Kikusui,IVI-COM/IVI-C,IVI-2003
Kikusui,IviDCPwr ,"PWR401L, PWR401ML, PWR401MH, PWR401H, PWR801L, PWR801ML, PWR801MH, PWR801H, PWR1201L, PWR1201ML, PWR1201MH, PWR1201H, PWR2001L, PWR2001ML, PWR2001MH, PWR2001H",Kikusui,IVI-COM/IVI-C,IVI-2003
Kikusui,IviDCPwr ,"PMX32-3DU,PMX32-3TR,PMX32-3QU",Kikusui,IVI-COM/IVI-C,IVI-2003
Kikusui,IviDCPwr ,"PXB20K-50, PXB20K-100, PXB20K-250, PXB20K-500, PXB20K-1000, PXB20K-1500",Kikusui,IVI-COM/IVI-C,IVI-2003
Kikusui,IviDCPwr ,"PXT20K-500, PXT20K-1000, PXT20K-1500",Kikusui,IVI-COM/IVI-C,IVI-2003
Kikusui,IviDCPwr ,"PXB20K-50, PXB20K-500, PXB20K-1000, PXB20K-1500",Kikusui,IVI-COM/IVI-C,IVI-2003
Kikusui,IviDCPwr ,"PMX32-3DU, PMX32-3TR, PMX32-2QU",Kikusui,IVI-COM/IVI-C,IVI-2003
Kikusui,IviDCPwr ,KDS6-0.2TR,Kikusui,IVI-COM/IVI-C,IVI-2003
Kikusui,IviDCPwr ,"PMP18-3TR,PMP25-2TR,PMP16-1QU",Kikusui,IVI-COM/IVI-C,IVI-2003
Kikusui,IviDCPwr ,All PAT-T series,Kikusui,IVI-COM/IVI-C,IVI-2003
Kikusui,IviDCPwr ,"PBZ20-20,PBZ40-10,PBZ60-6.7,PBZ80-5",Kikusui,IVI-COM/IVI-C,IVI-2003
Kikusui,IviDCPwr ,"PMX18-2A,PMX18-5A,PMX35-1A,PMX35-3A,PMX70-1A,PMX110-0.6A,PMX250-0.25A,PMX350-0.2A,PMX500-0.1A",Kikusui,IVI-COM/IVI-C,IVI-2003
Kikusui,IviDCPwr ,"PWX750L,PWX750ML,PWX750MH,PWX750H,",Kikusui,IVI-COM/IVI-C,IVI-2003
Kikusui,IviDCPwr ,"PIA4810,PIA4820,PIA4830,PIA4850",Kikusui,IVI-COM/IVI-C,IVI-2003
Kikusui,IviDmm ,"KFM2030,KFM2005",Kikusui,IVI-COM,IVI-2003
Kikusui,IviFgen ,FGA5050,Picotest,IVI-COM/IVI-C,IVI-2003
Lake Shore Cryotronics,Custom ,M81,Lake Shore Cryotronics,IVI.NET,IVI-2014
Lake Shore Cryotronics,Custom ,M91,Lake Shore Cryotronics,IVI.NET,IVI-2014
Lake Shore Cryotronics,Custom ,"155-AC, 155-DC",Lake Shore Cryotronics,IVI.NET,IVI-2014
Lake Shore Cryotronics,Custom ,"F41, F71",Lake Shore Cryotronics,IVI.NET,IVI-2014
LeCroy,IviScope ,"LT364L, LT364, LT342, LT342L, LT344, LT344L, LT322, LT224, LT374, LT374M, LT374L, LT372, LT264, LT264M, LT262",National Instruments,IVI-C,IVI-2003
LeCroy,IviScope ,"940, 940M, 940L, 940VL, 950, 950M, 950L, 950VL, 960, 960M, 960L, 960VL, 960XL",National Instruments,IVI-C,IVI-2003
LeCroy,IviScope ,WaveMaster WaveSurfer WavePro WaveRunner,Pacific MindWorks,IVI-COM/IVI-C,IVI-2003
LeCroy,IviScope ,"WaveRunner 6K and WaveRunner Xi series, WavePro 7K and 700Zi series, WaveSurfer 400 and WaveSurfer 3K and Xs series, WaveSurfer 3Kz, WaveSurfer 4KHD, WaveRunner 8K, WaveRunner 9K, HDO series, WaveRunner 8KHD, WavePro HD, WaveMaster, WaveMasterHD and LabMaster",Pacific MindWorks,IVI-COM/IVI-C,IVI-2014
LeCroy,IviScope ,"WaveRunner 6K and WaveRunner Xi series, WavePro 7K and 700Zi series, WaveSurfer 400 and WaveSurfer 3K and Xs series, WaveMaster, HDO series",Pacific MindWorks,IVI-COM/IVI-C,IVI-2003
LXinstruments GmbH,Custom ,LXI-(k)it,LXinstruments GmbH,IVI-C,IVI-2003
LXinstruments GmbH,Custom ,Advanced Drawer Fixture,LXinstruments GmbH,IVI-C,IVI-2003
"Magna-Power Electronics, Inc.",Custom ,"ALx, ARx, WRx","Magna-Power Electronics, Inc.",IVI-COM/IVI-C,IVI-2014
"Magna-Power Electronics, Inc.",IviDCPwr ,"PQx, TSx, MSx, MTx, DPx, XR, SL","Magna-Power Electronics, Inc.",IVI-COM/IVI-C,IVI-2003
Matsusada Precision,IviDCPwr ,All models in the VOL/VOLJ series,Matsusada Precision,IVI-COM/IVI-C,IVI-2003
Matsusada Precision,IviDCPwr ,All models in the PRK/PRKJ series,Matsusada Precision,IVI-COM/IVI-C,IVI-2003
Maury Microwave Corporation,Custom ,MT982-EL30,Maury Microwave Corporation,IVI-COM,IVI-2003
National Instruments,Custom ,"NI PXIe-5630, NI PXIe-5632",National Instruments,IVI-C,IVI-2003
National Instruments,Custom ,"PXI-5600, PXI-5661, NI 5644R, NI 5645R, NI 5646R, NI PXIe-5601, NI PXIe-5663, NI PXIe-5663E, NI PXIe-5603, NI PXIe-5665 (3.6GHz), NI PXIe-5605, NI PXIe-5665 (14GHz), NI PXIe-5693, NI PXIe-5694, NI PXIe-5667 (3.6GHz), NI PXIe-5667 (7GHz), NI PXIe-5606, NI PXIe-5668R, NI PXIe-5840",National Instruments,IVI-C,IVI-2003
National Instruments,Custom ,"NI PXI-5610, NI PXIe-5611, NI PXI-5670, NI PXI-5671, NI PXIe-5672, NI PXIe-5673, NI PXIe-5673E, NI PXI-5650, NI PXI-5651, NI PXI-5652, NI PXIe-5650, NI PXIe-5651, NI PXIe-5652, NI PXIe-5653, NI PXIe-5654, NI PXIe-5654 with NI PXIe-5696, NI PXIe-5840",National Instruments,IVI-C,IVI-2003
National Instruments,Custom ,"NI 5661, NI 5663, NI 5665, NI 5667, NI 5668R, NI 5600, NI 5601, NI 5603, NI 5605, NI 5606, NI 5644R, NI 5645R, NI 5646R, NI 5693, NI 5694, NI 5698, NI 5840",National Instruments,IVI.NET,IVI-2014
National Instruments,Custom ,"NI 5670, NI 5671, NI 5672, NI 5673, NI 5650, NI 5651, NI 5652, NI 5653, NI 5644R, NI 5645R, NI 5646R, NI 5654, NI 5696, NI 5840",National Instruments,IVI.NET,IVI-2014
National Instruments,IviACPwr ,Class Driver,National Instruments,Class Driver,IVI-2014
National Instruments,IviCounter ,Class Driver,National Instruments,Class Driver,IVI-2014
National Instruments,IviDCPwr ,Class Driver,National Instruments,Class Driver,IVI-2014
National Instruments,IviDCPwr ,"NI PXI-4110, NI PXIe-4112, NI PXIe-4113, NI PXI-4130, NI PXI-4132, NI PXIe-4138, NI PXIe-4139, NI PXIe-4140, NI PXIe-4141, NI PXIe-4142, NI PXIe-4143, NI PXIe-4144, NI PXIe-4145, NI PXIe-4154",National Instruments,IVI-C,IVI-2014
National Instruments,IviDCPwr ,"NI PXI-4110, NI PXIe-4112, NI PXIe-4113, NI PXI-4130, NI PXI-4132, NI PXIe-4138, NI PXIe-4139, NI PXIe-4140, NI PXIe-4141, NI PXIe-4142, NI PXIe-4143, NI PXIe-4144, NI PXIe-4145, NI PXIe-4154",National Instruments,IVI.NET,IVI-2003
National Instruments,IviDigitizer ,Class Driver,National Instruments,Class Driver,IVI-2014
National Instruments,IviDmm ,Class Driver,National Instruments,Class Driver,IVI-2014
National Instruments,IviDmm ,"NI PCMCIA-4050, NI PCI-4060, NI PXI-4060, NI PCI-4070, NI PXI-4070, NI PXI-4071, NI PXI-4072, NI PCI-4065, NI PCIe-4065, NI PXI-4065, NI USB-4065, NI PXIe-4080, NI PXIe-4081, NI PXIe-4082",National Instruments,IVI.NET,IVI-2014
National Instruments,IviDmm ,"PCMCIA-4050, PCI-4060, PXI-4060, PCI-4065, PCIe-4065, PXI-4065, USB-4065, PCI-4070, PXI-4070, PXI-4071, PXI-4072, PXIe-4080, PXIe-4081, PXIe-4082",National Instruments,IVI-C,IVI-2014
National Instruments,IviDownconverter ,Class Driver,National Instruments,Class Driver,IVI-2014
National Instruments,IviFgen ,Class Driver,National Instruments,Class Driver,IVI-2014
National Instruments,IviFgen ,"NI 5401, NI 5404, NI 5411, NI 5412, NI 5421, NI 5422, NI 5431, NI 5441, NI 5402, NI 5406, NI 5442, NI 5450, NI 5451, NI 5413, NI 5423, NI 5433",National Instruments,IVI-C,IVI-2014
National Instruments,IviFgen ,"NI 5401, NI 5404, NI 5411, NI 5412, NI 5421, NI 5422, NI 5431, NI 5441, NI 5402, NI 5406, NI 5442, NI 5450, NI 5451",National Instruments,IVI.NET,IVI-2014
National Instruments,IviPwrMeter ,"NI USB-5680,NI USB-5681,NI USB-5683,NI USB-5684",National Instruments,IVI-C,IVI-2014
National Instruments,IviPwrMeter ,Class Driver,National Instruments,Class Driver,IVI-2014
National Instruments,IviRFSigGen ,Class Driver,National Instruments,Class Driver,IVI-2014
National Instruments,IviScope ,Class Driver,National Instruments,Class Driver,IVI-2014
National Instruments,IviScope ,"NI 5102, NI 5105, NI 5112, NI 5114, NI 5122, NI 5124, NI 5132, NI 5133, NI 5142, NI 5152, NI 5153, NI 5154, NI 5160, NI 5162, NI 5185, NI 5186, NI 5620, NI 5621, NI 5622, NI 5900, NI 5911, NI 5922",National Instruments,IVI-C,IVI-2014
National Instruments,IviScope ,"NI 5133, NI 5132, NI 5152, NI 5105, NI 5142, NI 5114, NI 5922, NI 5124, NI 5122, NI 5112, NI 5620, NI 5621, NI 5911, NI 5102, NI 5153, NI 5154, NI 5622, NI 5900, NI 5922",National Instruments,IVI.NET,IVI-2003
National Instruments,IviSpecAn ,Class Driver,National Instruments,Class Driver,IVI-2014
National Instruments,IviSwtch ,Class Driver,National Instruments,Class Driver,IVI-2014
National Instruments,IviSwtch ,"SCXI-1127, SCXI-1128, SCXI-1129, SCXI-1130, SCXI-1160, SCXI-1161, SCXI-1163R, SCXI-1166, SCXI-1167, SCXI-1169, SCXI-1175, SCXI-1190, SCXI-1191, SCXI-1192, SCXI-1193, SCXI-1194, SCXI-1195, PXI-2501, PXI-2503, PXI-2510, PXI-2512, PXI-2514, PXI-2515, PXI-2520, PXI-2521, PXI-2522, PXI-2523, PXI-2527, PXI-2529, PXI-2530, PXI-2530B, PXI-2531, PXI-2532, PXI-2532B, PXI-2533, PXI-2534, PXI-2535, PXI-2536, PXI-2540, PXI-2541, PXI-2542, PXI-2543, PXI-2544, PXI-2545, PXI-2546, PXI-2547, PXI-2548, PXI-2549, PXI-2554, PXI-2555, PXI-2556, PXI-2557, PXI-2558, PXI-2559, PXI-2564, PXI-2565, PXI-2566, PXI-2567, PXI-2568, PXI-2569, PXI-2570, PXI-2571, PXI-2575, PXI-2576, PXI-2584, PXI-2585, PXI-2586, PXI-2590, PXI-2591, PXI-2593, PXI-2594, PXI-2595, PXI-2596, PXI-2597, PXI-2598, PXI-2599, PXI-2720, PXI-2722, PXI-2796, PXI-2797, PXI-2798, PXI-2799, PXIe-2512, PXIe-2514, PXIe-2515, PXIe-2527, PXIe-2529, PXIe-2531, PXIe-2532, PXIe-2532B, PXIe-2540, PXIe-2541, PXIe-2542, PXIe-2543, PXIe-2544, PXIe-2569, PXIe-2575, PXIe-2593, PXIe-2725, PXIe-2727, PXIe-2790, NI 2810, NI 2811, NI 2812, NI2813, NI 2814, NI 2815, NI 2816, NI 2817, NI 2833, NI 2834, NI 2865",National Instruments,IVI.NET,IVI-2003
National Instruments,IviSwtch ,"SCXI-1127, SCXI-1128, SCXI-1129, SCXI-1130, SCXI-1160, SCXI-1161, SCXI-1163R, SCXI-1166, SCXI-1167, SCXI-1169, SCXI-1175, SCXI-1190, SCXI-1191, SCXI-1192, SCXI-1193, SCXI-1194, SCXI-1195, PXI-2501, PXI-2503, PXI-2510, PXI-2512, PXI-2514, PXI-2515, PXI-2520, PXI-2521, PXI-2522, PXI-2523, PXI-2527, PXI-2529, PXI-2530, PXI-2530B, PXI-2531, PXI-2532, PXI-2532B, PXI-2533, PXI-2534, PXI-2535, PXI-2536, PXI-2540, PXI-2541, PXI-2542, PXI-2543, PXI-2544, PXI-2545, PXI-2546, PXI-2547, PXI-2548, PXI-2549, PXI-2554, PXI-2555, PXI-2556, PXI-2557, PXI-2558, PXI-2559, PXI-2564, PXI-2565, PXI-2566, PXI-2567, PXI-2568, PXI-2569, PXI-2570, PXI-2571, PXI-2575, PXI-2576, PXI-2584, PXI-2585, PXI-2586, PXI-2590, PXI-2591, PXI-2593, PXI-2594, PXI-2595, PXI-2596, PXI-2597, PXI-2598, PXI-2599, PXI-2720, PXI-2722, PXI-2796, PXI-2797, PXI-2798, PXI-2799, PXIe-2512, PXIe-2514, PXIe-2515, PXIe-2527, PXIe-2529, PXIe-2531, PXIe-2532, PXIe-2532B, PXIe-2540, PXIe-2541, PXIe-2542, PXIe-2543, PXIe-2544, PXIe-2569, PXIe-2575, PXIe-2593, PXIe-2725, PXIe-2727, PXIe-2790, NI 2810, NI 2811, NI 2812, NI2813, NI 2814, NI 2815, NI 2816, NI 2817, NI 2833, NI 2834, NI 2865",National Instruments,IVI-C,IVI-2014
National Instruments,IviUpconverter ,Class Driver,National Instruments,Class Driver,IVI-2014
NF Corporation,Custom ,"LI5660, LI5655, LI5650, LI5645",NF Corporation,IVI-COM/IVI-C,IVI-2014
NF Corporation,Custom ,"DP015S, DP030S, DP045S, DP060S, DP075S, DP090S, DP105S, DP120S, DP015SE, DP030SE, DP045SE, DP060SE, DP075SE, DP090SE, DP105SE, DP120SE, DP030D, DP060D, DP090D, DP120D, DP045T, DP090T, DP045M, DP090M, DP015RS, DP030RS, DP045RS, DP060RS, DP075RS, DP090RS, DP030RD, DP060RD, DP090RD, DP045RT, DP090RT, DP240S, DP360S, DP150RS, DP180RS DP160LS, DP420LS, DP480LS, DP060LM, DP120LM, DP180LM, DP240LM, DP360LM DP030KSC, DP045KSC, DP060KSC, DP075KSC, DP090KSC, DP105KSC, DP120KSC, DP015GS, DP030GS, DP045GS, DP060GS, DP075GS, DP090GS, DP105GS, DP120GS, DP015GSC, DP030GSC, DP045GSC, DP060GSC, DP075GSC, DP090GSC, DP105GSC, DP120GSC, DP030GD, DP060GD, DP090GD, DP120GD, DP045GT, DP090GT, DP045GM, DP090GM, DP060LGM, DP120LGM, DP180LGM, DP420LGS, DP480LGS",NF Corporation,IVI-COM/IVI-C,IVI-2014
NF Corporation,Custom ,"KP3000S,KP3000GS",NF Corporation,IVI-COM/IVI-C,IVI-2014
North Atlantic Instruments,Custom,VXI-65DL1-16R,National Instruments,IVI-C,IVI-2003
Pacific Power Source,IviACPwr ,"UPC-1, UPC-3",National Instruments,IVI-C,IVI-2003
Pacific Power Source,IviACPwr ,"390AFX,3120AFX,3150AFX,3300AFX,3450AFX,3600AFX,1150ADF,3150ADF,1300ADF,3300ADF,1450ADF,3450ADF,3600ADF,3750ADF,3900ADF,360AGX,390AGX,3120AGX,3150AGX,3300AGX,3450AGX,3600AGX,3750AGX,3900AGX,3300AZX,3500AZX, 31000AZX,31500AZX,32000AZX,105LMX,105LMXT,108LMX,108LMXT,112LMX,140LMX,140LMXT,160LMX,160LMXT,305LMX,305LMXT,308LMX,308LMXT,312LMX,320LMX,320LMXT,345LMX,345LMXT,360LMX,360LMXT-64-bit version","Pacific Power Source, Inc.",IVI-C,IVI-2003
Pacific Power Source,IviACPwr ,"390AFX,3120AFX,3150AFX,3300AFX,3450AFX,3600AFX,1150ADF,3150ADF,1300ADF,3300ADF,1450ADF,3450ADF,3600ADF,3750ADF,3900ADF,360AGX,390AGX,3120AGX,3150AGX,3300AGX,3450AGX,3600AGX,3750AGX,3900AGX,3300AZX,3500AZX, 31000AZX,31500AZX,32000AZX,105LMX,105LMXT,108LMX,108LMXT,112LMX,140LMX,140LMXT,160LMX,160LMXT,305LMX,305LMXT,308LMX,308LMXT,312LMX,320LMX,320LMXT,345LMX,345LMXT,360LMX,360LMXT-32-bit version","Pacific Power Source, Inc.",IVI-C,IVI-2003
perisens GmbH,Custom ,"dynRTS, staRTS",perisens GmbH,IVI-C,IVI-2014
perisens GmbH,Custom ,"RMS-C, RMS-D",perisens GmbH,IVI-C,IVI-2014
Pickering Interfaces Ltd,IviSwtch ,"Series 40,45,50 Switch Cards",Pickering Interfaces Ltd,IVI-C,IVI-2014
Pickering Interfaces Ltd,IviSwtch ,Series 60 LXI Chassis,Pickering Interfaces Ltd,IVI-COM,IVI-2014
Pickering Interfaces Ltd,IviSwtch ,Series 60 LXI Chassis,Pickering Interfaces Ltd,IVI-COM,IVI-2014
Pickering Interfaces Ltd,IviSwtch ,Series 60 LXI Chassis,Pickering Interfaces Ltd,IVI-C,IVI-2014
Picotest,IviDmm ,M3520A,Picotest,IVI-COM/IVI-C,IVI-2014
Picotest,IviFgen ,G5100A,Picotest,IVI-COM/IVI-C,IVI-2003
Racal Instruments,Custom ,1256L,EADS North America Test and Services,IVI-COM/IVI-C,IVI-2003
Racal Instruments,IviSwtch ,1257A,EADS North America Test and Services,IVI-COM/IVI-C,IVI-2003
Racal Instruments,IviSwtch ,"XI1170, 1830, 1820",EADS North America Test and Services,IVI-COM/IVI-C,IVI-2003
Racal Instruments,IviSwtch ,"XI1180, 1830, 1820",EADS North America Test and Services,IVI-COM/IVI-C,IVI-2003
Racal Instruments,IviSwtch ,"XI1220A, 1830, 1820",EADS North America Test and Services,IVI-COM/IVI-C,IVI-2003
Racal Instruments,IviSwtch ,"XI1220B, 1830, 1820",EADS North America Test and Services,IVI-COM/IVI-C,IVI-2003
Racal Instruments,IviSwtch ,"XI1220D, 1830, 1820",EADS North America Test and Services,IVI-COM/IVI-C,IVI-2003
Racal Instruments,IviSwtch ,"XI1220C, 1830, 1820",EADS North America Test and Services,IVI-COM/IVI-C,IVI-2003
Racal Instruments,IviSwtch ,"XI1380, 1820, 1830",EADS North America Test and Services,IVI-COM/IVI-C,IVI-2003
Racal Instruments,IviSwtch ,"XI1450D, 1820, 1830",EADS North America Test and Services,IVI-COM/IVI-C,IVI-2003
Racal Instruments,IviSwtch ,"XI1450F, 1820, 1830",EADS North America Test and Services,IVI-COM/IVI-C,IVI-2003
Racal Instruments,IviSwtch,1260-30,National Instruments,IVI-C,IVI-2003
Racal Instruments,IviSwtch,1260-40,National Instruments,IVI-C,IVI-2003
"RIGOL Technologies, Inc.",Custom ,M300,"RIGOL Technologies, Inc.",IVI-C,IVI-2003
"RIGOL Technologies, Inc.",IviDCPwr ,DP831A DP832A DP811A DP812A DP813A DP821A DP841A DP831 DP832 DP811 DP812 DP813 DP821 DP841 DP831B DP832B DP811B DP812B DP813B DP821B DP841B DP831E DP832E DP811E DP812E DP813E DP821E DP841E DP831U DP832U DP811U DP812U DP813U DP821U DP841U DP831Z DP832Z DP811Z DP812Z DP813Z DP821Z DP841Z,"RIGOL Technologies, Inc.",IVI-C,IVI-2003
"RIGOL Technologies, Inc.",IviDCPwr ,DP1116A,"RIGOL Technologies, Inc.",IVI-C,IVI-2003
"RIGOL Technologies, Inc.",IviDCPwr ,DP1308A,"RIGOL Technologies, Inc.",IVI-C,IVI-2003
"RIGOL Technologies, Inc.",IviDmm ,DM3051,National Instruments,IVI-C,IVI-2003
"RIGOL Technologies, Inc.",IviDmm ,DM3068,"RIGOL Technologies, Inc.",IVI-C,IVI-2003
"RIGOL Technologies, Inc.",IviDmm ,DM 3058,"RIGOL Technologies, Inc.",IVI-C,IVI-2003
"RIGOL Technologies, Inc.",IviFgen ,DG5402 DG5352 DG5302 DG5202 DG5152 DG5102 DG5062 DG5401 DG5351 DG5301 DG5201 DG5151 DG5101 DG5061 DG5402A DG5352A DG5302A DG5202A DG5152A DG5102A DG5062A DG5401A DG5351A DG5301A DG5201A DG5151A DG5101A DG5061A DG4162 DG4102 DG4072 DG4062,"RIGOL Technologies, Inc.",IVI-C,IVI-2003
"RIGOL Technologies, Inc.",IviFgen ,DG1032Z DG1042Z DG1052Z DG1062Z DG1072Z DG1082Z,"RIGOL Technologies, Inc.",IVI-C,IVI-2003
"RIGOL Technologies, Inc.",IviRFSigGen ,DSG3060 DSG3030,"RIGOL Technologies, Inc.",IVI-C,IVI-2003
"RIGOL Technologies, Inc.",IviRFSigGen ,DSG830 DSG815,"RIGOL Technologies, Inc.",IVI-C,IVI-2003
"RIGOL Technologies, Inc.",IviScope ,DS1074Z DS1104Z DS1074Z-S DS1104Z-S MSO1104Z MSO1074Z,"RIGOL Technologies, Inc.",IVI-C,IVI-2003
"RIGOL Technologies, Inc.",IviScope ,"DS6104,DS6064,DS6054,DS6034, DS6024,DS6014,DS6102,DS6062, DS6052,DS6032,DS6022,DS6012, DS6104D,DS6064D,DS6054D,DS6034D, DS6024D,DS6014D,DS6102D,DS6062D, DS6052D,DS6032D,DS6022D,DS6012D, DS7014,DS7024,DS7034,DS7054, DS7074,DS7104,MSO7014,MSO7024, MSO7034,MSO7054,MSO7074,MSO7104, DS7014A,DS7024A,DS7034A,DS7054A, DS7074A,DS7104A,MSO7014A,MSO7024A, MSO7034A,MSO7054A,MSO7074A,MSO7104A, DS7014B,DS7024B,DS7034B,DS7054B, DS7074B,DS7104B,MSO7014B,MSO7024B, MSO7034B,MSO7054B,MSO7074B,MSO7104B, DS7014E,DS7024E,DS7034E,DS7054E, DS7074E,DS7104E,MSO7014E,MSO7024E, MSO7034E,MSO7054E,MSO7074E,MSO7104E, DS7014Z,DS7024Z,DS7034Z,DS7054Z, DS7074Z,DS7104Z,MSO7014Z,MSO7024Z, MSO7034Z,MSO7054Z,MSO7074Z,MSO7104Z, DS8054,DS8064,DS8074,DS8104, DS8154,DS8204,DS8254,DS8304, DS8404,MSO7014MSO8054,MSO8064, MSO8074,MSO8104,MSO8154,MSO8204, MSO8254,MSO8304,MSO8404,DS8054A, DS8064A,DS8074A,DS8104A,DS8154A, DS8204A,DS8254A,DS8304A,DS8404A, MSO8054A,MSO8064A,MSO8074A,MSO8104A, MSO8154A,MSO8204A,MSO8254A,MSO8304A, MSO8404A,DS8054B,DS8064B,DS8074B, DS8104B,DS8154B,DS8204B,DS8254B, DS8304B,DS8404B,MSO8054B,MSO8064B, MSO8074B,MSO8104B,MSO8154B,MSO8204B, MSO8254B,MSO8304B,MSO8404B,DS8054E, DS8064E,DS8074E,DS8104E,DS8154E, DS8204E,DS8254E,DS8304E,DS8404E, MSO8054E,MSO8064E,MSO8074E,MSO8104E, MSO8154E,MSO8204E,MSO8254E,MSO8304E, MSO8404E,DS8054Z,DS8064Z,DS8074Z, DS8104Z,DS8154Z,DS8204Z,DS8254Z, DS8304Z,DS8404Z,MSO8054Z,MSO8064Z, MSO8074Z,MSO8104Z,MSO8154Z,MSO8204Z, MSO8254Z,MSO8304Z,MSO8404Z, MSO5002,MSO5004,MSO5052,MSO5054, MSO5072,MSO5074,MSO5102,MSO5104, MSO5202,MSO5204,MSO5352,MSO5354, MSO5502,MSO5504,DS5002,DS5004, DS5052,DS5054,DS5072,DS5074, DS5102,DS5104,DS5202,DS5204, DS5352,DS5354,DS5502,DS5504, MSO5002A,MSO5004A,MSO5052A,MSO5054A, MSO5072A,MSO5074A,MSO5102A,MSO5104A, MSO5202A,MSO5204A,MSO5352A,MSO5354A, MSO5502A,MSO5504A,DS5002A,DS5004A, DS5052A,DS5054A,DS5072A,DS5074A, DS5102A,DS5104A,DS5202A,DS5204A, DS5352A,DS5354A,DS5502A,DS5504A MSO5002B,MSO5004B,MSO5052B,MSO5054B, MSO5072B,MSO5074B,MSO5102B,MSO5104B, MSO5202B,MSO5204B,MSO5352B,MSO5354B, MSO5502B,MSO5504B,DS5002B,DS5004B, DS5052B,DS5054B,DS5072B,DS5074B, DS5102B,DS5104B,DS5202B,DS5204B, DS5352B,DS5354B,DS5502B,DS5504B MSO5002Z,MSO5004Z,MSO5052Z,MSO5054Z, MSO5072Z,MSO5074Z,MSO5102Z,MSO5104Z, MSO5202Z,MSO5204Z,MSO5352Z,MSO5354Z, MSO5502Z,MSO5504Z,DS5002Z,DS5004Z, DS5052Z,DS5054Z,DS5072Z,DS5074Z, DS5102Z,DS5104Z,DS5202Z,DS5204Z, DS5352Z,DS5354Z,DS5502Z,DS5504Z, MSO5002E,MSO5004E,MSO5052E,MSO5054E, MSO5072E,MSO5074E,MSO5102E,MSO5104E, MSO5202E,MSO5204E,MSO5352E,MSO5354E, MSO5502E,MSO5504E,DS5002E,DS5004E, DS5052E,DS5054E,DS5072E,DS5074E, DS5102E,DS5104E,DS5202E,DS5204E, DS5352E,DS5354E,DS5502E,DS5504E","RIGOL Technologies, Inc.",IVI-C,IVI-2003
"RIGOL Technologies, Inc.",IviScope ,DS2302 DS2302A DS2302E DS2302D DS2302AD DS2202 DS2202A DS2202E DS2202D DS2202AD DS2102 DS2102A DS2102E DS2102D DS2102AD DS2072 DS2072A DS2072E DS2072D DS2072AD DS2052 DS2052A DS2052E DS2052D DS2052AD,"RIGOL Technologies, Inc.",IVI-C,IVI-2003
"RIGOL Technologies, Inc.",IviScope ,DS4054 DS4034 DS4024 DS4014 DS4052 DS4032 DS4022 DS4012 DS4054D DS4034D DS4024D DS4014D DS4052D DS4032D DS4022D DS4012D,"RIGOL Technologies, Inc.",IVI-C,IVI-2003
"RIGOL Technologies, Inc.",IviScope ,DS1204B,"RIGOL Technologies, Inc.",IVI-C,IVI-2003
"RIGOL Technologies, Inc.",IviSpecAn ,DSA805 DSA805A DSA805E DSA810 DSA810A DSA810E DSA815 DSA815A DSA815E DSA875 DSA832,"RIGOL Technologies, Inc.",IVI-C,IVI-2003
"RIGOL Technologies, Inc.",IviSpecAn ,DSA1030A DSA1030 DSA1020 DSA2030,"RIGOL Technologies, Inc.",IVI-C,IVI-2003
"RIGOL Technologies, Inc.",IviSpecAn ,RSA5032 RSA5065 RSA5032A RSA5065A RSA5032E RSA5065E RSA5032R RSA5065R RSA5032V RSA5065V RSA3030 RSA3045 RSA3060 RSA3030A RSA3045A RSA3060A RSA3030E RSA3045E RSA3060E RSA3030R RSA3045R RSA3060R RSA3030V RSA3045V RSA3060V,"RIGOL Technologies, Inc.",IVI-C,IVI-2003
Rohde & Schwarz,Custom ,"ZNA, ZNB, ZNC, ZND, ZNBT",Rohde & Schwarz,IVI.NET,IVI-2014
Rohde & Schwarz,Custom ,"ZNL, ZNLE",Rohde & Schwarz,IVI.NET,IVI-2014
Rohde & Schwarz,Custom ,"LCX100, LCX200",Rohde & Schwarz,IVI.NET,IVI-2014
Rohde & Schwarz,Custom ,"AFQ100A, AFQ100B",Rohde & Schwarz,IVI-COM,IVI-2003
Rohde & Schwarz,Custom ,UPV,Rohde & Schwarz,IVI-COM,IVI-2003
Rohde & Schwarz,IviDCPwr,"NGPT18, NGPT35, NGPT7",National Instruments,IVI-C,IVI-2003
Rohde & Schwarz,IviDCPwr,NGPX,National Instruments,IVI-C,IVI-2003
Rohde & Schwarz,IviDCPwr ,"NGP, NGM, NGL, NGU",Rohde & Schwarz,IVI.NET,IVI-2014
Rohde & Schwarz,IviDCPwr ,"HMP4000, HMP4030, HMP4040, HMP2000, HMP2020, HMP2030",Rohde & Schwarz,IVI.NET,IVI-2014
Rohde & Schwarz,IviDCPwr ,"HMC804x, NGE10x, NGA100",Rohde & Schwarz,IVI.NET,IVI-2014
Rohde & Schwarz,IviDmm ,HMC8012,Rohde & Schwarz,IVI.NET,IVI-2014
Rohde & Schwarz,IviPwrMeter,NRVD,National Instruments,IVI-C,IVI-2003
Rohde & Schwarz,IviPwrMeter,NRVS,National Instruments,IVI-C,IVI-2003
Rohde & Schwarz,IviPwrMeter ,"NRPxxS/SN, NRPxxA/AN, NRPxxT/TN, NRPM, NRQ6, NRP2, NRX",Rohde & Schwarz,IVI.NET,IVI-2014
Rohde & Schwarz,IviRFSigGen ,"SMW200A, SMBV100A, SMU200A, SMATE200A, SMJ100A, AMU200A",Rohde & Schwarz,IVI.NET,IVI-2014
Rohde & Schwarz,IviRFSigGen ,SMA100B,Rohde & Schwarz,IVI.NET,IVI-2014
Rohde & Schwarz,IviRFSigGen ,"SMA, SMB, SMF",Rohde & Schwarz,IVI-COM,IVI-2003
Rohde & Schwarz,IviScope ,"RTB2000, RTM3000, RTA4000",Rohde & Schwarz,IVI.NET,IVI-2014
Rohde & Schwarz,IviScope ,RTH,Rohde & Schwarz,IVI.NET,IVI-2014
Rohde & Schwarz,IviScope ,"RTO, RTO1000,RTO2000, RTE",Rohde & Schwarz,IVI.NET,IVI-2014
Rohde & Schwarz,IviScope ,RTM20xx,Rohde & Schwarz,IVI.NET,IVI-2014
Rohde & Schwarz,IviScope ,"RTO, RTE",Rohde & Schwarz,IVI.NET,IVI-2014
Rohde & Schwarz,IviSpecAn ,"FSW, FSWP, FPS, FSV, FSVA, FSVR",Rohde & Schwarz,IVI.NET,IVI-2014
Rohde & Schwarz,IviSpecAn ,FPH,Rohde & Schwarz,IVI.NET,IVI-2014
Rohde & Schwarz,IviSpecAn ,"ESR, ESRP, ESW",Rohde & Schwarz,IVI.NET,IVI-2014
Rohde & Schwarz,IviSpecAn ,"FSW, FPS, FSVR, FSV, FSWP, FSVA",Rohde & Schwarz,IVI-C,IVI-2003
Rohde & Schwarz,IviSpecAn ,FPL1000,Rohde & Schwarz,IVI.NET,IVI-2014
"Shaanxi Hitech Electronic Co.,Ltd.",Custom ,"HTPXI4484, HTPXI4484A, HTPXI4387, HTLX4484, HTLX4484A, HTLX4484B, HTLX4387, HTLX4387B","Shaanxi Hitech Electronic Co.,Ltd.",IVI-COM/IVI-C,IVI-2014
"Shaanxi Hitech Electronic Co.,Ltd.",IviFgen ,"HTPXI3730A, HTLX3730A, HTLX3730B","Shaanxi Hitech Electronic Co.,Ltd.",IVI-COM/IVI-C,IVI-2014
"Shaanxi Hitech Electronic Co.,Ltd.",IviFgen,HTLX3710,"Shaanxi Hitech Electronic Co.,Ltd.",IVI-COM/IVI-C,IVI-2014
"Shaanxi Hitech Electronic Co.,Ltd.",IviSwtch ,"HTPXI2913,HTPXI2931,HTPXI3017,HTLX2913,HTLX2915,HTLX2931,HTLX3015,HTLX3036(-1)","Shaanxi Hitech Electronic Co.,Ltd.",IVI-COM,IVI-2014
SIGLENT,IviDCPwr ,"SPD4000X Series,SPS5000X Series,SPS6225X DC Power",SIGLENT,IVI-C,IVI-2014
SIGLENT,IviFgen ,"SDG1022X, SDG1032X, SDG1062X, SDG1022X Plus, SDG1032X Plus, SDG1062X Plus，SDG2042X, SDG2082X, SDG2122X ,SDG6022X, SDG6032X ,SDG6052X ,SDG7102A, SDG7032A ,SDG7052A",SIGLENT,IVI-C,IVI-2014
siglent,IviFgen ,"SDG1022X,SDG1032X,SDG1062X,SDG2042X,SDG2082X,SDG2122X,SDG6022X,SDG6032X,SDG6052X,SDG6012X-E,SDG6022X-E,SDG6032X-E,SDG6052X-E,SDG7032A,SDG7052A,SDG7102A",siglent,IVI-C,IVI-2014
SIGLENT,IviFgen ,"SDG1032X, SDG1062X SDG2042X, SDG2082X, SDG2122X",SIGLENT,IVI-C,IVI-2003
SIGLENT,IviScope ,"SDS800X HD,SDS1000X HD,SDS2000X HD,SDS2000X Plus,SDS3000X HD,SDS5000X,SDS6000A, SDS6000 Pro,SDS6000L,SDS700A series Oscilloscopes",SIGLENT,IVI-C,IVI-2014
siglent,IviSpecAn ,"SVA1000X,SSA3000X Plus,SSA3000X-R, SSA5000A,SHA850A,SHA860A",siglent,IVI-C,IVI-2014
SignalCraft Technologies,Custom ,SC2215,SignalCraft Technologies,IVI-C,IVI-2014
SignalCraft Technologies,Custom ,SC2250,SignalCraft Technologies,IVI-C,IVI-2014
Spectrum GmbH,IviDigitizer ,"DN2.20x Series, DN2.22x Series, DN6.22x Series, DN2.44x Series, DN6.44x Series, DN2.46x Series, DN6.46x Series, DN2.49x Series, DN6.49x Series, M2i.20xx Series, M2i.30xx Series, M2i.31xx Series, M2i.40xx Series, M2i.46xx Series, M2i.47xx Series, M2i.49xx Series, M3i.21xx Series, M3i.32xx Series, M3i.41xx Series, M3i.48xx Series, M4i.22xx Series, M4x.22xx Series, M4i.44xx Series, M4x.44xx Series",Spectrum GmbH,IVI-COM/IVI-C,IVI-2003
Spectrum GmbH,IviFgen ,"DN2.60x Series, DN2.66x Series, DN6.66x Series, M2i.60xx Series, M2i.61xx Series, M4i.66xx Series, M4x.66xx Series",Spectrum GmbH,IVI-COM/IVI-C,IVI-2003
Spectrum GmbH,IviScope ,"DN2.20x Series, DN2.22x Series, DN6.22x Series, DN2.44x Series, DN6.44x Series, DN2.46x Series, DN6.46x Series, DN2.49x Series, DN6.49x Series, M2i.20xx Series, M2i.30xx Series, M2i.31xx Series, M2i.40xx Series, M2i.46xx Series, M2i.47xx Series, M2i.49xx Series, M3i.21xx Series, M3i.32xx Series, M3i.41xx Series, M3i.48xx Series, M4i.22xx Series, M4x.22xx Series, M4i.44xx Series, M4x.44xx Series",Spectrum GmbH,IVI-COM/IVI-C,IVI-2003
Stanford Research,IviDCPwr ,"PS310, PS325, PS350, PS355, PS365, PS370, PS375",National Instruments,IVI-C,IVI-2014
Stanford Research,IviFgen ,DS345,National Instruments,IVI-C,IVI-2014
Tabor Electronics,IviFgen ,"WX2181, WX2182, WX2181B, WX2182B, WS8351, WS8352",Tabor Electronics,IVI-COM/IVI-C,IVI-2003
TDK-Lambda,Custom ,SFL Series,TDK-Lambda,IVI.NET,IVI-2014
TDK-Lambda,Custom ,SFL Series,TDK-Lambda,IVI-C,IVI-2014
TDK-Lambda,IviDCPwr ,Genesys+ Series,TDK-Lambda,IVI-COM/IVI-C,IVI-2014
TDK-Lambda,IviDCPwr ,All models of Genesys products. GENvvv-aaa GENvvv-aaa-IEMD GENvvv-aaa-LAN,TDK-Lambda,IVI-COM/IVI-C,IVI-2003
Tegam Inc.,Custom ,1830A,Tegam Inc.,IVI-COM,IVI-2003
Tektronix,IviCounter ,"FCA3000, FCA3003, FCA3020, FCA3100, FCA3103, FCA3120, MCA3027, MCA3040",National Instruments,IVI-C,IVI-2003
Tektronix,IviDCPwr,"PS2520G, PS2521G",National Instruments,IVI-C,IVI-2003
Tektronix,IviDmm,"TX1, TX3",National Instruments,IVI-C,IVI-2003
Tektronix,IviFgen,VX4790A,National Instruments,IVI-C,IVI-2003
Tektronix,IviFgen ,"AFG3021, AFG3022, AFG3101, AFG3102, AFG3251, AFG3252, AFG3021B, AFG3022B, AFG2021, AFG3011C, AFG3021C, AFG3022C, AFG3051C, AFG3052C, AFG3101C, AFG3102C, AFG3251C, AFG3252C",National Instruments,IVI-C,IVI-2014
Tektronix,IviFgen ,"AFG310, AFG320",National Instruments,IVI-C,IVI-2003
Tektronix,IviFgen ,"AWG510, AWG520",National Instruments,IVI-C,IVI-2003
Tektronix,IviFgen ,"AWG5002, AWG5000, AWG5002B, AWG5004, AWG5004B, AWG5012, AWG5012B, AWG5014, AWG5014B, AWG7000, AWG7051, AWG7052, AWG7061B , AWG7062B, AWG7101, AWG7102, AWG7121B, AWG7122B, AWG7082C, AWG7122C, AWG5002C, AWG5012C, AWG5014C, AWG5004C, AWG70001A, AWG70002A",National Instruments,IVI-C,IVI-2014
Tektronix,IviFgen ,"AFG1022, AFG1062",National Instruments,IVI-C,IVI-2014
Tektronix,IviFgen ,AWG70001A AWG70002A,Tektronix,IVI-COM/IVI-C,IVI-2003
Tektronix,IviFgen ,AFG3011C,Tektronix,IVI-COM/IVI-C,IVI-2014
Tektronix,IviFgen ,"AWG7051, AWG7052, AWG7101, AWG7102, AWG5012, AWG5014, AWG5002, AWG5004, AWG7121B, AWG7122B, AWG7061B, AWG7062B, AWG5012B, AWG5014B, AWG5002B, AWG5004B AWG7122C, AWG7082C, AWG5102C, AWG5014C, AWG5002C",Tektronix,IVI-COM/IVI-C,IVI-2003
Tektronix,IviScope ,"TDS 1001, TDS 1002, TDS 1012, TDS 2002, TDS 2004, TDS 2012, TDS 2014, TDS 2022, TDS 2024, TPS 2012, TPS2014, TPS 2024, TDS 1001B, TDS 1002B, TDS 1012B,TDS2002B, TDS 2004B, TDS 2012B, TDS 2014B, TDS 2022B, TDS 2024B, TDS 1001B-SC, TDS 1002B-SC, TDS 1012B-SC, TDS 1001C-SC, TDS 1002C-SC,TDS1012C-SC,TDS1001C,TDS1002C, TDS1012C, TDS2001C, TDS2002C, TDS2004C, TDS2012C, TDS2014C, TDS2022C, TDS2024C, TDS1001C-EDU, TDS1002C-EDU, TDS1012C-EDU, TPS2012B, TPS2014B, TPS2024B, TBS1022, TBS1042, TBS1062, TBS1102, TBS1152, TBS1064, TBS1104, TBS1154, TBS1052B-EDU, TBS1072B-EDU, TBS1102B-EDU, TBS1152B-EDU, TBS1202B-EDU, TBS1052B, TBS1072B, TBS1102B, TBS1152B, TBS1202B",National Instruments,IVI-C,IVI-2014
Tektronix,IviScope ,"DPO2002, DPO2012, DPO2014, DPO2024, MSO2002, MSO2012, MSO2014, MSO2024, DPO2002B, DPO2004B, DPO2012B, DPO2014B, DPO2022B, DPO2024B, MSO2002B, MSO2004B, MSO2012B, MSO2014B, MSO2022B, MSO2024B",National Instruments,IVI-C,IVI-2014
Tektronix,IviScope ,"TDS 3012, TDS 3014, TDS 3032, TDS 3034, TDS 3052, TDS 3054, TDS 3012B, TDS 3014B, TDS 3024B, TDS 3032B, TDS 3034B, TDS 3044B, TDS 3052B, TDS 3054B, TDS 3064B, TDS 3012C, TDS 3014C, TDS 3032C, TDS 3034C, TDS 3052C, TDS 3054C",National Instruments,IVI-C,IVI-2014
Tektronix,IviScope ,"TDS5052, TDS5054, TDS5104, TDS5032, TDS5034, TDS5032B, TDS5034B, TDS5052B, TDS5054B, TDS5054BE, TDS5104B",National Instruments,IVI-C,IVI-2003
Tektronix,IviScope ,"TDS 210, TDS 220, TDS 224",National Instruments,IVI-C,IVI-2014
Tektronix,IviScope ,"TDS 310, TDS 320, TDS 340A, TDS 350, TDS 360, TDS 380",National Instruments,IVI-C,IVI-2003
Tektronix,IviScope,"TDS 724D, TDS 754D, TDS 784D, TDS 794D",National Instruments,IVI-C,IVI-2003
Tektronix,IviScope ,"DPO4104, DPO4054, DPO4034, DPO4032, MSO4104, MSO4054, MSO4034, MSO4032, MSO3012, MSO3014, MSO3032, MSO3034,MSO3052, MSO3054, DPO3012, DPO3014, DPO3032, DPO3034, DPO3052, DPO3054, DPO4104B, DPO4054B, DPO4034B, MSO4104B, MSO4054B, MSO4034B, MDO41046, MDO41043, MDO40546, MDO40543, DPO4102B, DPO4102B-L, DPO4104B, MSO4102B, MSO4102B-L, MSO4104B, DPO4014B, MSO4014B, MDO4014-3, MDO4034-3, MDO4014B-3, MDO4034B-3, MDO4054B-3, MDO4054B-6, MDO4104B-3, MDO4104B-6, MDO3012, MDO3014, MDO3022, MDO3024, MDO3032, MDO3034, MDO3052, MDO3054, MDO3102, MDO3104, MDO4024C, MDO4034C, MDO4054C, MDO4104C",National Instruments,IVI-C,IVI-2014
Tektronix,IviScope ,"DPO7104, DPO7054, DPO7254, DPO7354, DPO70404, DPO70604, DPO70804, DPO71254, DPO71604, DPO72004, DSA70404, DSA70604, DSA70804, DSA71254, DSA71604, DSA72004, MSO70404, MSO70604, MSO70804, MSO71254, MSO71604, MSO72004",National Instruments,IVI-C,IVI-2003
Tektronix,IviScope ,"TBS2072, TBS2074, TBS2102, TBS2104",National Instruments,IVI-C,IVI-2014
Tektronix,IviScope ,"MSO54, MSO56, MSO58",National Instruments,IVI-C,IVI-2014
Tektronix,IviScope ,"TekSeriesScope driver for 4/5/6 Series Scopes. 5 and 6 Series Low Profile Digitizers. MSO44, MSO44B, MSO46, MSO46B, MSO54, MSO56, MSO58, MSO58LP, MSO64, LPD64",Tektronix,IVI-COM,IVI-2014
Tektronix,IviScope ,MDO4014B-3 MDO4034B-3 MDO4054B-3 MDO4104B-3 MDO4054B-6 MDO4104B-6 DPO4014B MSO4014B MDO4014-3 MDO4034-3 DPO4014BGSA MSO4014BGSA MDO4014-3GSA MDO4034-3GSA MSO4104B-L MSO4102B MSO4102B-L DPO4104B-L DPO4102B DPO4102B-L MDO3012 MDO3014 MDO3022 MDO3024 MDO3032 MDO3034 MDO3052 MDO3054 MDO3102 MDO3104 MDO3 Series,Tektronix,IVI-COM,IVI-2003
Tektronix,IviScope ,"MSO5034, MSO5054, MSO5104, MSO5204, DPO5034, DPO5054, DPO5104, DPO5204",Tektronix,IVI-COM,IVI-2003
Tektronix,IviScope ,"TDS7054, TDS7254, TDS7404, TDS5054, TDS5104, TDS7104, TDS6604, TDS7154, CSA7404, TDS6404, CSA7404B, TDS7154B, TDS7254B, TDS7404B, TDS7704B, TDS5054B, TDS5104B, TDS5032B, TDS5052B, TDS5054BE, TDS5034B, TDS6804B, TDS6604B, TDS6154C, TDS6124C, DPO7054, DPO7104, DPO7254, DPO70404, DPO70604, DPO70804, DSA70404, DSA70604, DSA70804, DPO7354, DPO71254, DPO71604, DPO72004, DSA71254, DSA71604, DSA72004, DPO70404B, DPO70604B, DPO70804B, DPO71254B, DPO71604B, DPO72004B, DSA70404B, DSA70604B, DSA70804B, DSA71254B, DSA71604B, DSA72004B, MSO70404, MSO70604, MSO70804, MSO71254, MSO71604, MSO72004, MSO71254C, MSO71604C, MSO72004C, DPO71254C, DPO71604C, DPO72004C, DSA71254C, DSA71604C, DSA72004C, MSO5034, MSO5054, MSO5104, MSO5204, DPO5034, DPO5054, DPO5104, DPO5204, DSA70804C, DPO70804C, MSO70804C, DPO7254C, DPO7354C, DPO70404C, DPO70604C, DSA70404C, DSA70604C, MSO70404C, MSO70604C, DPO7054C, DPO7104C, DPO72504D, DPO73304D, DSA72504D, DSA73304D, MSO72304DX, MSO72504DX, MSO73304DX, DPO72304DX, DPO72504DX, DPO73304DX,DPO5034B, DPO5054B, DPO5104B, DPO5204B, MSO5034B, MSO5054B, MSO5104B, MSO5204B, DPO73304SX, DPO77002SX",Tektronix,IVI-COM,IVI-2003
Tektronix,IviSpecAn ,"H500, SA2500",National Instruments,IVI-C,IVI-2003
Teradyne,Custom ,"Di-050-XX, Di-025-XX",Teradyne,IVI-C,IVI-2003
Teradyne,IviDmm ,"Ai-760-DMM, Ai-760B-DMM",Teradyne,IVI-COM/IVI-C,IVI-2003
Teradyne,IviFgen ,"Ai-760-MFA, Ai-760B-MFA",Teradyne,IVI-COM/IVI-C,IVI-2003
Teradyne,IviScope ,"Ai-760-DSO, Ai-760B-DSO",Teradyne,IVI-COM/IVI-C,IVI-2003
Textron Systems,IviRFSigGen ,RFS340,Textron Systems,IVI-C,IVI-2014
TTi Ltd,Custom ,"LD400P, LDH400P",TTi Ltd,IVI-COM/IVI-C,IVI-2003
TTi Ltd,Custom ,SMU4001 SMU4201,TTi Ltd,IVI-COM,IVI-2014
TTi Ltd,Custom ,QPX600DP,TTi Ltd,IVI-C,IVI-2003
TTi Ltd,IviDCPwr ,QL355P QL355TP QL564P QL564TP,TTi Ltd,IVI-C,IVI-2003
TTi Ltd,IviDCPwr ,"CPX400DP,CPX400SP,CPX200DP,XPF60-20DP,XPF60-20SP,XPF60-10DP",TTi Ltd,IVI-C,IVI-2003
TTi Ltd,IviDCPwr ,"MX100TP, MX180TP, MX100QP, MX103QP",TTi Ltd,IVI-C,IVI-2003
TTi Ltd,IviDCPwr ,TSX1820P TSX3510P,TTi Ltd,IVI-C,IVI-2003
TTi Ltd,IviDCPwr ,"PLP155-P, PLP303-P, PLP601-P, PLP303QMD-P,PLH120-P,PLH250-P,PL068-P,PL303QMT-P",TTi Ltd,IVI-C,IVI-2003
TTi Ltd,IviDCPwr ,QPX1200L QPX1200SP QPX600DP QPX750SP,TTi Ltd,IVI-C,IVI-2003
TTi Ltd,IviDmm ,1908P,TTi Ltd,IVI-COM/IVI-C,IVI-2003
TTi Ltd,IviFgen ,TGP3151 TGP3121 TGP3152 TGP3122,TTi Ltd,IVI-C,IVI-2003
TTi Ltd,IviFgen ,"TG5011A, TG2511A, TG5012A, TG2512A",TTi Ltd,IVI-C,IVI-2003
TTi Ltd,IviFgen ,TGF3162 TGF3082,TTi Ltd,IVI-C,IVI-2003
TTi Ltd,IviFgen ,TGF4042 TGF4082 TGF4162 TGF4242,TTi Ltd,IVI-C,IVI-2003
TTi Ltd,IviFgen ,"TG5011, TG2511",TTi Ltd,IVI-C,IVI-2003
TTi Ltd,IviRFSigGen ,TGR2051 TGR2053,TTi Ltd,IVI-COM/IVI-C,IVI-2003
Universal Switching Corporation,IviSwtch ,All Universal Switching Products requiring the USwitchA driver.,Universal Switching Corporation,IVI-C,IVI-2003
Versatile Power,IviDCPwr ,"RACK 30-70 XR,RACK 50-40 XR,RACK 100-20 XR,RACK 200-10 XR,RACK 400-5 XR,BENCH 30-33 XR,BENCH 50-20 XR,BENCH 100-10 XR,BENCH 200-5 XR,BENCH 400-2.5 XR",Versatile Power,IVI.NET,IVI-2014
Viavi,Custom ,MAP-300,Viavi Solutions Inc.,IVI-COM/IVI-C,IVI-2003
Vitrek,Custom ,"DL115, DL215, DL515, DL150, DL250, DL550",Vitrek,IVI.NET,IVI-2014
VTI Instruments,Custom ,EX1403,VTI Instruments,IVI-COM/IVI-C,IVI-2003
VTI Instruments,Custom ,EX1403A,VTI Instruments,IVI-COM/IVI-C,IVI-2003
VTI Instruments,Custom ,EMX-2500,VTI Instruments,IVI-COM/IVI-C,IVI-2003
VTI Instruments,Custom ,"EMX-4250, EMX-4251, EMX-4350, EMX-4380",VTI Instruments,IVI-COM/IVI-C,IVI-2003
VTI Instruments,Custom ,EX10xxA Series -- EX1000A -- EX1000A-TC -- EX1000A-TCDC -- EX1016A -- EX1032A -- EX1048A RX10xx Series -- RX1032,VTI Instruments,IVI-COM/IVI-C,IVI-2014
VTI Instruments,Custom ,EX1401,VTI Instruments,IVI-COM/IVI-C,IVI-2003
VTI Instruments,Custom ,EMX-1434,VTI Instruments,IVI-COM/IVI-C,IVI-2003
VTI Instruments,Custom ,"RX0124, RX0224",VTI Instruments,IVI-COM/IVI-C,IVI-2003
VTI Instruments,IviSwtch ,All SMX Switch,VTI Instruments,IVI-COM/IVI-C,IVI-2003
"VXI Technology, Inc.",Custom,"VM7004, VM7004-5, VM7004-6, VM7004-7",National Instruments,IVI-C,IVI-2003
"VXI Technology, Inc.",Custom ,EX1048,VTI Instruments,IVI-COM/IVI-C,IVI-2003
"VXI Technology, Inc.",Custom ,EX2500,VTI Instruments,IVI-COM/IVI-C,IVI-2003
"VXI Technology, Inc.",Custom ,"EX1266, EX2000, EX3000, EX7000",VTI Instruments,IVI-COM/IVI-C,IVI-2003
"VXI Technology, Inc.",Custom ,"EX1000A, EX1016A, EX1032A, EX1048A",VTI Instruments,IVI-COM,IVI-2003
"VXI Technology, Inc.",IviSwtch ,"EX7000, All EX switch cards",VTI Instruments,IVI-COM/IVI-C,IVI-2003
Wavetek,IviDmm,1362S,National Instruments,IVI-C,IVI-2003
Wavetek,IviFgen,1375,National Instruments,IVI-C,IVI-2003
Wavetek,IviFgen,1396,National Instruments,IVI-C,IVI-2003
Wavetek,IviFgen,"301, 302",National Instruments,IVI-C,IVI-2003
Wavetek,IviFgen,395,National Instruments,IVI-C,IVI-2003
Wavetek,IviFgen,9100,National Instruments,IVI-C,IVI-2003
Xantrex,IviDCPwr,"HPD, XFR, XHR, XPD, XT",National Instruments,IVI-C,IVI-2003
Xantrex,IviDCPwr,XDC,National Instruments,IVI-C,IVI-2003
Yokogawa,IviFgen,"FG210, FG220",National Instruments,IVI-C,IVI-2003
Yokogawa,IviFgen,"FG310, FG320",National Instruments,IVI-C,IVI-2003
Yokogawa,IviScope ,"DL9040, DL9040L, DL9140, DL9140L, DL9240, DL9240L, DL9505L, DL9510L, SB5310, SB5710, DL6054, DL6104, DL6154, DLM6054, DLM6104",National Instruments,IVI-C,IVI-2003
Yokogawa,IviScope ,"DLM2022, DLM2024, DLM2032, DLM2034 DLM2052, DLM2054",National Instruments,IVI-C,IVI-2003
